Segment,Country, Product , Discount Band , Units Sold , Manufacturing Price , Sale Price , Gross Sales , COGS , Profit ,Date, Month Name ,Year
Government,Canada, VTT , Low ," $1,326.00 ", $250.00 , $7.00 ," $9,282.00 "," $6,630.00 "," $2,559.18 ",03-01-2014, March ,2014
Channel Partners,Canada, Carretera , Low ," $1,445.00 ", $3.00 , $12.00 ," $17,340.00 "," $4,335.00 "," $12,831.60 ",09-01-2014, September ,2014
Government,Canada, Montana , Low ," $1,830.00 ", $5.00 , $7.00 ," $12,810.00 "," $9,150.00 "," $3,531.90 ",08-01-2014, August ,2014
Enterprise,Canada, Velo , Low , $923.00 , $120.00 , $125.00 ," $115,375.00 "," $110,760.00 "," $3,461.25 ",08-01-2014, August ,2014
Government,Canada, Velo , Low ," $2,092.00 ", $120.00 , $7.00 ," $14,644.00 "," $10,460.00 "," $4,037.56 ",11-01-2013, November ,2013
Government,Canada, VTT , Low , $943.50 , $250.00 , $350.00 ," $330,225.00 "," $245,310.00 "," $81,612.75 ",04-01-2014, April ,2014
Enterprise,Canada, Carretera , Low , $742.50 , $3.00 , $125.00 ," $92,812.50 "," $89,100.00 "," $1,856.25 ",04-01-2014, April ,2014
Channel Partners,Canada, Carretera , Low ," $1,295.00 ", $3.00 , $12.00 ," $15,540.00 "," $3,885.00 "," $11,344.20 ",10-01-2014, October ,2014
Government,Canada, Carretera , Low ," $2,852.00 ", $3.00 , $350.00 ," $998,200.00 "," $741,520.00 "," $236,716.00 ",12-01-2014, December ,2014
Midmarket,Canada, Paseo , Low ," $2,363.00 ", $10.00 , $15.00 ," $35,445.00 "," $23,630.00 "," $11,106.10 ",02-01-2014, February ,2014
Channel Partners,Canada, Paseo , Low ," $1,295.00 ", $10.00 , $12.00 ," $15,540.00 "," $3,885.00 "," $11,344.20 ",10-01-2014, October ,2014
Small Business,Canada, Paseo , Low ," $1,916.00 ", $10.00 , $300.00 ," $574,800.00 "," $479,000.00 "," $84,304.00 ",12-01-2014, December ,2014
Government,Canada, Paseo , Low ," $2,852.00 ", $10.00 , $350.00 ," $998,200.00 "," $741,520.00 "," $236,716.00 ",12-01-2014, December ,2014
Enterprise,Canada, Paseo , Low ," $2,729.00 ", $10.00 , $125.00 ," $341,125.00 "," $327,480.00 "," $6,822.50 ",12-01-2014, December ,2014
Enterprise,Canada, VTT , Low ," $2,729.00 ", $250.00 , $125.00 ," $341,125.00 "," $327,480.00 "," $6,822.50 ",12-01-2014, December ,2014
Small Business,Canada, Amarilla , Low ," $1,916.00 ", $260.00 , $300.00 ," $574,800.00 "," $479,000.00 "," $84,304.00 ",12-01-2014, December ,2014
Channel Partners,Canada, Carretera , Low , $908.00 , $3.00 , $12.00 ," $10,896.00 "," $2,724.00 "," $7,845.12 ",12-01-2013, December ,2013
Enterprise,Canada, Paseo , Low ," $1,774.00 ", $10.00 , $125.00 ," $221,750.00 "," $212,880.00 "," $2,217.50 ",03-01-2014, March ,2014
Enterprise,Canada, Paseo , Low ," $2,009.00 ", $10.00 , $125.00 ," $251,125.00 "," $241,080.00 "," $2,511.25 ",10-01-2014, October ,2014
Enterprise,Canada, Velo , Low ," $2,009.00 ", $120.00 , $125.00 ," $251,125.00 "," $241,080.00 "," $2,511.25 ",10-01-2014, October ,2014
Small Business,Canada, VTT , Low ," $1,874.00 ", $250.00 , $300.00 ," $562,200.00 "," $468,500.00 "," $76,834.00 ",08-01-2014, August ,2014
Government,Canada, Carretera , Low , $831.00 , $3.00 , $20.00 ," $16,620.00 "," $8,310.00 "," $7,811.40 ",05-01-2014, May ,2014
Government,Canada, Velo , Low ," $3,850.50 ", $120.00 , $20.00 ," $77,010.00 "," $38,505.00 "," $36,194.70 ",04-01-2014, April ,2014
Government,Canada, Carretera , Low ," $2,851.00 ", $3.00 , $7.00 ," $19,957.00 "," $14,255.00 "," $4,903.72 ",10-01-2013, October ,2013
Midmarket,Canada, Montana , Low ," $1,967.00 ", $5.00 , $15.00 ," $29,505.00 "," $19,670.00 "," $8,654.80 ",03-01-2014, March ,2014
Government,Canada, Montana , Low ," $2,851.00 ", $5.00 , $7.00 ," $19,957.00 "," $14,255.00 "," $4,903.72 ",10-01-2013, October ,2013
Government,Canada, Paseo , Low ," $4,251.00 ", $10.00 , $7.00 ," $29,757.00 "," $21,255.00 "," $7,311.72 ",01-01-2014, January ,2014
Midmarket,Canada, Paseo , Low , $218.00 , $10.00 , $15.00 ," $3,270.00 "," $2,180.00 ", $959.20 ,09-01-2014, September ,2014
Government,Canada, Paseo , Low ," $2,074.00 ", $10.00 , $20.00 ," $41,480.00 "," $20,740.00 "," $19,080.80 ",09-01-2014, September ,2014
Government,Canada, Velo , Low ," $2,646.00 ", $120.00 , $20.00 ," $52,920.00 "," $26,460.00 "," $24,343.20 ",09-01-2013, September ,2013
Government,Canada, Amarilla , Low ," $1,778.00 ", $260.00 , $350.00 ," $622,300.00 "," $462,280.00 "," $135,128.00 ",12-01-2013, December ,2013
Government,Canada, Paseo , Medium ," $2,349.00 ", $10.00 , $7.00 ," $16,443.00 "," $11,745.00 "," $3,875.85 ",09-01-2013, September ,2013
Channel Partners,Canada, Paseo , Medium ," $2,431.00 ", $10.00 , $12.00 ," $29,172.00 "," $7,293.00 "," $20,420.40 ",12-01-2014, December ,2014
Channel Partners,Canada, Velo , Medium ," $2,431.00 ", $120.00 , $12.00 ," $29,172.00 "," $7,293.00 "," $20,420.40 ",12-01-2014, December ,2014
Government,Canada, Paseo , Medium ," $1,228.00 ", $10.00 , $350.00 ," $429,800.00 "," $319,280.00 "," $89,030.00 ",10-01-2013, October ,2013
Government,Canada, Paseo , Medium ," $1,389.00 ", $10.00 , $20.00 ," $27,780.00 "," $13,890.00 "," $12,501.00 ",10-01-2013, October ,2013
Government,Canada, Paseo , Medium ," $1,802.00 ", $10.00 , $20.00 ," $36,040.00 "," $18,020.00 "," $16,218.00 ",12-01-2013, December ,2013
Government,Canada, VTT , Medium ," $1,389.00 ", $250.00 , $20.00 ," $27,780.00 "," $13,890.00 "," $12,501.00 ",10-01-2013, October ,2013
Government,Canada, Amarilla , Medium , $552.00 , $260.00 , $350.00 ," $193,200.00 "," $143,520.00 "," $40,020.00 ",08-01-2014, August ,2014
Government,Canada, Amarilla , Medium ," $1,228.00 ", $260.00 , $350.00 ," $429,800.00 "," $319,280.00 "," $89,030.00 ",10-01-2013, October ,2013
Midmarket,Canada, Carretera , Medium ," $2,844.00 ", $3.00 , $15.00 ," $42,660.00 "," $28,440.00 "," $11,660.40 ",06-01-2014, June ,2014
Channel Partners,Canada, Carretera , Medium ," $2,299.00 ", $3.00 , $12.00 ," $27,588.00 "," $6,897.00 "," $19,035.72 ",10-01-2013, October ,2013
Channel Partners,Canada, Paseo , Medium ," $2,299.00 ", $10.00 , $12.00 ," $27,588.00 "," $6,897.00 "," $19,035.72 ",10-01-2013, October ,2013
Enterprise,Canada, Velo , Medium , $952.00 , $120.00 , $125.00 ," $119,000.00 "," $114,240.00 "," $(2,380.00)",02-01-2014, February ,2014
Midmarket,Canada, VTT , Medium ," $2,844.00 ", $250.00 , $15.00 ," $42,660.00 "," $28,440.00 "," $11,660.40 ",06-01-2014, June ,2014
Small Business,Canada, VTT , Medium ," $2,436.00 ", $250.00 , $300.00 ," $730,800.00 "," $609,000.00 "," $77,952.00 ",12-01-2013, December ,2013
Channel Partners,Canada, Carretera , Medium ," $1,884.00 ", $3.00 , $12.00 ," $22,608.00 "," $5,652.00 "," $15,373.44 ",08-01-2014, August ,2014
Midmarket,Canada, Velo , Medium ," $1,262.00 ", $120.00 , $15.00 ," $18,930.00 "," $12,620.00 "," $4,984.90 ",05-01-2014, May ,2014
Government,Canada, Velo , Medium ," $1,135.00 ", $120.00 , $7.00 ," $7,945.00 "," $5,675.00 "," $1,713.85 ",06-01-2014, June ,2014
Government,Canada, Velo , Medium ," $1,582.00 ", $120.00 , $7.00 ," $11,074.00 "," $7,910.00 "," $2,388.82 ",12-01-2014, December ,2014
Government,Canada, VTT , Medium ," $1,582.00 ", $250.00 , $7.00 ," $11,074.00 "," $7,910.00 "," $2,388.82 ",12-01-2014, December ,2014
Government,Canada, Amarilla , Medium ," $1,135.00 ", $260.00 , $7.00 ," $7,945.00 "," $5,675.00 "," $1,713.85 ",06-01-2014, June ,2014
Small Business,Canada, Paseo , Medium ," $1,702.00 ", $10.00 , $300.00 ," $510,600.00 "," $425,500.00 "," $49,358.00 ",05-01-2014, May ,2014
Small Business,Canada, Paseo , Medium ," $1,404.00 ", $10.00 , $300.00 ," $421,200.00 "," $351,000.00 "," $40,716.00 ",11-01-2013, November ,2013
Channel Partners,Canada, VTT , Medium ," $3,244.50 ", $250.00 , $12.00 ," $38,934.00 "," $9,733.50 "," $26,475.12 ",01-01-2014, January ,2014
Enterprise,Canada, Amarilla , Medium ," $1,645.00 ", $260.00 , $125.00 ," $205,625.00 "," $197,400.00 "," $(6,168.75)",05-01-2014, May ,2014
Government,Canada, Amarilla , Medium ," $1,118.00 ", $260.00 , $20.00 ," $22,360.00 "," $11,180.00 "," $9,614.80 ",11-01-2014, November ,2014
Government,Canada, Montana , Medium , $488.00 , $5.00 , $7.00 ," $3,416.00 "," $2,440.00 ", $702.72 ,02-01-2014, February ,2014
Government,Canada, Paseo , Medium , $257.00 , $10.00 , $7.00 ," $1,799.00 "," $1,285.00 ", $370.08 ,05-01-2014, May ,2014
Government,Canada, Montana , Medium , $708.00 , $5.00 , $20.00 ," $14,160.00 "," $7,080.00 "," $5,947.20 ",06-01-2014, June ,2014
Small Business,Canada, Montana , Medium ," $1,283.00 ", $5.00 , $300.00 ," $384,900.00 "," $320,750.00 "," $33,358.00 ",09-01-2013, September ,2013
Channel Partners,Canada, Velo , Medium , $598.00 , $120.00 , $12.00 ," $7,176.00 "," $1,794.00 "," $4,807.92 ",03-01-2014, March ,2014
Small Business,Canada, VTT , Medium ," $2,134.00 ", $250.00 , $300.00 ," $640,200.00 "," $533,500.00 "," $55,484.00 ",09-01-2014, September ,2014
Government,Canada, Amarilla , Medium , $708.00 , $260.00 , $20.00 ," $14,160.00 "," $7,080.00 "," $5,947.20 ",06-01-2014, June ,2014
Small Business,Canada, Carretera , Medium ," $1,094.00 ", $3.00 , $300.00 ," $328,200.00 "," $273,500.00 "," $25,162.00 ",06-01-2014, June ,2014
Small Business,Canada, Montana , Medium ," $3,802.50 ", $5.00 , $300.00 ," $1,140,750.00 "," $950,625.00 "," $87,457.50 ",04-01-2014, April ,2014
Channel Partners,Canada, Montana , Medium ," $2,321.00 ", $5.00 , $12.00 ," $27,852.00 "," $6,963.00 "," $18,382.32 ",11-01-2014, November ,2014
Government,Canada, Montana , Medium ," $1,611.00 ", $5.00 , $7.00 ," $11,277.00 "," $8,055.00 "," $2,207.07 ",12-01-2013, December ,2013
Small Business,Canada, Paseo , Medium ," $1,094.00 ", $10.00 , $300.00 ," $328,200.00 "," $273,500.00 "," $25,162.00 ",06-01-2014, June ,2014
Small Business,Canada, Velo , Medium ," $3,793.50 ", $120.00 , $300.00 ," $1,138,050.00 "," $948,375.00 "," $87,250.50 ",07-01-2014, July ,2014
Enterprise,Canada, Velo , Medium , $567.00 , $120.00 , $125.00 ," $70,875.00 "," $68,040.00 "," $(3,543.75)",09-01-2014, September ,2014
Government,Canada, Velo , Medium ," $1,269.00 ", $120.00 , $350.00 ," $444,150.00 "," $329,940.00 "," $74,236.50 ",10-01-2014, October ,2014
Government,Canada, Amarilla , Medium ," $1,269.00 ", $260.00 , $350.00 ," $444,150.00 "," $329,940.00 "," $74,236.50 ",10-01-2014, October ,2014
Government,Canada, Carretera , Medium , $819.00 , $3.00 , $7.00 ," $5,733.00 "," $4,095.00 "," $1,122.03 ",07-01-2014, July ,2014
Midmarket,Canada, Amarilla , Medium ," $1,630.50 ", $260.00 , $15.00 ," $24,457.50 "," $16,305.00 "," $5,951.32 ",07-01-2014, July ,2014
Enterprise,Canada, Velo , High ," $1,916.00 ", $120.00 , $125.00 ," $239,500.00 "," $229,920.00 "," $(14,370.00)",12-01-2013, December ,2013
Enterprise,Canada, VTT , High ," $2,529.00 ", $250.00 , $125.00 ," $316,125.00 "," $303,480.00 "," $(18,967.50)",11-01-2014, November ,2014
Government,Canada, Amarilla , High ," $2,240.00 ", $260.00 , $350.00 ," $784,000.00 "," $582,400.00 "," $123,200.00 ",02-01-2014, February ,2014
Channel Partners,Canada, Amarilla , High ," $3,520.50 ", $260.00 , $12.00 ," $42,246.00 "," $10,561.50 "," $27,459.90 ",04-01-2014, April ,2014
Government,Canada, Amarilla , High , $707.00 , $260.00 , $350.00 ," $247,450.00 "," $183,820.00 "," $38,885.00 ",09-01-2014, September ,2014
Midmarket,Canada, Velo , High , $384.00 , $120.00 , $15.00 ," $5,760.00 "," $3,840.00 "," $1,286.40 ",01-01-2014, January ,2014
Channel Partners,Canada, Carretera , High ," $1,937.00 ", $3.00 , $12.00 ," $23,244.00 "," $5,811.00 "," $14,876.16 ",02-01-2014, February ,2014
Midmarket,Canada, Carretera , High ," $1,560.00 ", $3.00 , $15.00 ," $23,400.00 "," $15,600.00 "," $5,226.00 ",11-01-2013, November ,2013
Small Business,Canada, Paseo , High , $873.00 , $10.00 , $300.00 ," $261,900.00 "," $218,250.00 "," $14,841.00 ",01-01-2014, January ,2014
Government,Canada, Paseo , High ," $2,104.50 ", $10.00 , $350.00 ," $736,575.00 "," $547,170.00 "," $108,381.75 ",07-01-2014, July ,2014
Channel Partners,Canada, Paseo , High ," $4,026.00 ", $10.00 , $12.00 ," $48,312.00 "," $12,078.00 "," $30,919.68 ",07-01-2014, July ,2014
Government,Canada, Paseo , High ," $2,394.00 ", $10.00 , $20.00 ," $47,880.00 "," $23,940.00 "," $18,673.20 ",08-01-2014, August ,2014
Small Business,Canada, Paseo , High ," $1,366.00 ", $10.00 , $300.00 ," $409,800.00 "," $341,500.00 "," $23,222.00 ",11-01-2014, November ,2014
Government,Canada, Velo , High ," $1,808.00 ", $120.00 , $7.00 ," $12,656.00 "," $9,040.00 "," $2,223.84 ",11-01-2014, November ,2014
Government,Canada, VTT , High ," $2,935.00 ", $250.00 , $20.00 ," $58,700.00 "," $29,350.00 "," $22,893.00 ",11-01-2013, November ,2013
Enterprise,Canada, Carretera , High ," $2,416.00 ", $3.00 , $125.00 ," $302,000.00 "," $289,920.00 "," $(24,160.00)",09-01-2013, September ,2013
Midmarket,Canada, Carretera , High ," $2,689.00 ", $3.00 , $15.00 ," $40,335.00 "," $26,890.00 "," $8,604.80 ",11-01-2014, November ,2014
Government,Canada, Montana , High ," $2,734.00 ", $5.00 , $7.00 ," $19,138.00 "," $13,670.00 "," $3,171.44 ",10-01-2014, October ,2014
Channel Partners,Canada, VTT , High ," $2,109.00 ", $250.00 , $12.00 ," $25,308.00 "," $6,327.00 "," $15,944.04 ",05-01-2014, May ,2014
Government,Canada, VTT , High , $623.00 , $250.00 , $350.00 ," $218,050.00 "," $161,980.00 "," $29,904.00 ",09-01-2013, September ,2013
Government,Canada, Amarilla , High ," $2,734.00 ", $260.00 , $7.00 ," $19,138.00 "," $13,670.00 "," $3,171.44 ",10-01-2014, October ,2014
Channel Partners,Canada, Amarilla , High ," $2,761.00 ", $260.00 , $12.00 ," $33,132.00 "," $8,283.00 "," $20,873.16 ",09-01-2013, September ,2013
Government,Canada, Carretera , High , $923.00 , $3.00 , $350.00 ," $323,050.00 "," $239,980.00 "," $41,073.50 ",03-01-2014, March ,2014
Government,Canada, Montana , High ," $1,249.00 ", $5.00 , $20.00 ," $24,980.00 "," $12,490.00 "," $9,242.60 ",10-01-2014, October ,2014
Government,Canada, Paseo , High ," $2,632.00 ", $10.00 , $350.00 ," $921,200.00 "," $684,320.00 "," $117,124.00 ",06-01-2014, June ,2014
Enterprise,Canada, Paseo , High ," $1,583.00 ", $10.00 , $125.00 ," $197,875.00 "," $189,960.00 "," $(17,808.75)",06-01-2014, June ,2014
Midmarket,Canada, Paseo , High ," $1,565.00 ", $10.00 , $15.00 ," $23,475.00 "," $15,650.00 "," $4,773.25 ",10-01-2014, October ,2014
Government,Canada, Paseo , High ," $1,249.00 ", $10.00 , $20.00 ," $24,980.00 "," $12,490.00 "," $9,242.60 ",10-01-2014, October ,2014
Government,Canada, Velo , High ," $2,632.00 ", $120.00 , $350.00 ," $921,200.00 "," $684,320.00 "," $117,124.00 ",06-01-2014, June ,2014
Enterprise,Canada, VTT , High ," $1,583.00 ", $250.00 , $125.00 ," $197,875.00 "," $189,960.00 "," $(17,808.75)",06-01-2014, June ,2014
Midmarket,Canada, VTT , High ," $1,565.00 ", $250.00 , $15.00 ," $23,475.00 "," $15,650.00 "," $4,773.25 ",10-01-2014, October ,2014
Enterprise,Canada, Amarilla , High ," $1,659.00 ", $260.00 , $125.00 ," $207,375.00 "," $199,080.00 "," $(18,663.75)",01-01-2014, January ,2014
Government,Canada, Paseo , High ," $2,428.00 ", $10.00 , $20.00 ," $48,560.00 "," $24,280.00 "," $17,481.60 ",03-01-2014, March ,2014
Small Business,Canada, Carretera , High ," $1,496.00 ", $3.00 , $300.00 ," $448,800.00 "," $374,000.00 "," $11,968.00 ",10-01-2014, October ,2014
Midmarket,Canada, Carretera , High ," $2,300.00 ", $3.00 , $15.00 ," $34,500.00 "," $23,000.00 "," $6,670.00 ",12-01-2014, December ,2014
Government,Canada, Montana , High ," $2,227.50 ", $5.00 , $350.00 ," $779,625.00 "," $579,150.00 "," $91,327.50 ",01-01-2014, January ,2014
Government,Canada, Montana , High , $200.00 , $5.00 , $350.00 ," $70,000.00 "," $52,000.00 "," $8,200.00 ",05-01-2014, May ,2014
Government,Canada, Montana , High , $388.00 , $5.00 , $7.00 ," $2,716.00 "," $1,940.00 ", $395.76 ,09-01-2014, September ,2014
Midmarket,Canada, Montana , High ," $2,300.00 ", $5.00 , $15.00 ," $34,500.00 "," $23,000.00 "," $6,670.00 ",12-01-2014, December ,2014
Midmarket,Canada, Paseo , High ," $2,470.00 ", $10.00 , $15.00 ," $37,050.00 "," $24,700.00 "," $7,163.00 ",09-01-2013, September ,2013
Midmarket,Canada, Paseo , High ," $1,743.00 ", $10.00 , $15.00 ," $26,145.00 "," $17,430.00 "," $5,054.70 ",10-01-2013, October ,2013
Government,Canada, Paseo , High , $700.00 , $10.00 , $350.00 ," $245,000.00 "," $182,000.00 "," $28,700.00 ",11-01-2014, November ,2014
Channel Partners,Canada, Paseo , High ," $2,222.00 ", $10.00 , $12.00 ," $26,664.00 "," $6,666.00 "," $16,265.04 ",11-01-2013, November ,2013
Small Business,Canada, Velo , High , $269.00 , $120.00 , $300.00 ," $80,700.00 "," $67,250.00 "," $2,152.00 ",10-01-2013, October ,2013
Small Business,Canada, VTT , High , $269.00 , $250.00 , $300.00 ," $80,700.00 "," $67,250.00 "," $2,152.00 ",10-01-2013, October ,2013
Small Business,Canada, VTT , High ," $1,496.00 ", $250.00 , $300.00 ," $448,800.00 "," $374,000.00 "," $11,968.00 ",10-01-2014, October ,2014
Small Business,Canada, Amarilla , High , $888.00 , $260.00 , $300.00 ," $266,400.00 "," $222,000.00 "," $7,104.00 ",03-01-2014, March ,2014
Midmarket,Canada, Amarilla , High ," $1,743.00 ", $260.00 , $15.00 ," $26,145.00 "," $17,430.00 "," $5,054.70 ",10-01-2013, October ,2013
Midmarket,Canada, Paseo , High ," $1,614.00 ", $10.00 , $15.00 ," $24,210.00 "," $16,140.00 "," $4,438.50 ",04-01-2014, April ,2014
Midmarket,Canada, Paseo , High ," $2,559.00 ", $10.00 , $15.00 ," $38,385.00 "," $25,590.00 "," $7,037.25 ",08-01-2014, August ,2014
Government,Canada, VTT , High , $865.50 , $250.00 , $20.00 ," $17,310.00 "," $8,655.00 "," $6,058.50 ",07-01-2014, July ,2014
Enterprise,Canada, VTT , High ," $2,954.00 ", $250.00 , $125.00 ," $369,250.00 "," $354,480.00 "," $(40,617.50)",11-01-2013, November ,2013
Government,Canada, Paseo , High , $723.00 , $10.00 , $7.00 ," $5,061.00 "," $3,615.00 ", $686.85 ,04-01-2014, April ,2014
Government,France, Paseo , Low ," $3,945.00 ", $10.00 , $7.00 ," $27,615.00 "," $19,725.00 "," $7,613.85 ",01-01-2014, January ,2014
Midmarket,France, Paseo , Low ," $2,296.00 ", $10.00 , $15.00 ," $34,440.00 "," $22,960.00 "," $11,135.60 ",02-01-2014, February ,2014
Government,France, Paseo , Low ," $1,030.00 ", $10.00 , $7.00 ," $7,210.00 "," $5,150.00 "," $1,987.90 ",05-01-2014, May ,2014
Government,France, Velo , Low , $639.00 , $120.00 , $7.00 ," $4,473.00 "," $3,195.00 "," $1,233.27 ",11-01-2014, November ,2014
Channel Partners,France, Carretera , Low ," $2,671.00 ", $3.00 , $12.00 ," $32,052.00 "," $8,013.00 "," $23,718.48 ",09-01-2014, September ,2014
Government,France, Carretera , Low ," $2,155.00 ", $3.00 , $350.00 ," $754,250.00 "," $560,300.00 "," $186,407.50 ",12-01-2014, December ,2014
Government,France, Montana , Low ," $1,375.50 ", $5.00 , $20.00 ," $27,510.00 "," $13,755.00 "," $13,479.90 ",07-01-2014, July ,2014
Enterprise,France, Paseo , Low , $787.00 , $10.00 , $125.00 ," $98,375.00 "," $94,440.00 "," $2,951.25 ",06-01-2014, June ,2014
Government,France, Paseo , Low ," $2,155.00 ", $10.00 , $350.00 ," $754,250.00 "," $560,300.00 "," $186,407.50 ",12-01-2014, December ,2014
Government,France, Velo , Low ," $3,864.00 ", $120.00 , $20.00 ," $77,280.00 "," $38,640.00 "," $37,867.20 ",04-01-2014, April ,2014
Enterprise,France, VTT , Low , $787.00 , $250.00 , $125.00 ," $98,375.00 "," $94,440.00 "," $2,951.25 ",06-01-2014, June ,2014
Enterprise,France, VTT , Low ," $1,744.00 ", $250.00 , $125.00 ," $218,000.00 "," $209,280.00 "," $6,540.00 ",11-01-2014, November ,2014
Midmarket,France, Amarilla , Low , $321.00 , $260.00 , $15.00 ," $4,815.00 "," $3,210.00 "," $1,556.85 ",11-01-2013, November ,2013
Government,France, Carretera , Low ," $2,145.00 ", $3.00 , $7.00 ," $15,015.00 "," $10,725.00 "," $3,989.70 ",11-01-2013, November ,2013
Small Business,France, Paseo , Low , $918.00 , $10.00 , $300.00 ," $275,400.00 "," $229,500.00 "," $40,392.00 ",05-01-2014, May ,2014
Channel Partners,France, Paseo , Low ," $1,785.00 ", $10.00 , $12.00 ," $21,420.00 "," $5,355.00 "," $15,636.60 ",11-01-2013, November ,2013
Channel Partners,France, Paseo , Low ," $1,055.00 ", $10.00 , $12.00 ," $12,660.00 "," $3,165.00 "," $9,241.80 ",12-01-2014, December ,2014
Channel Partners,France, Velo , Low ," $1,055.00 ", $120.00 , $12.00 ," $12,660.00 "," $3,165.00 "," $9,241.80 ",12-01-2014, December ,2014
Government,France, Amarilla , Low , $941.00 , $260.00 , $20.00 ," $18,820.00 "," $9,410.00 "," $9,033.60 ",11-01-2014, November ,2014
Enterprise,France, Carretera , Low ," $4,243.50 ", $3.00 , $125.00 ," $530,437.50 "," $509,220.00 "," $5,304.38 ",04-01-2014, April ,2014
Channel Partners,France, Montana , Low ," $1,901.00 ", $5.00 , $12.00 ," $22,812.00 "," $5,703.00 "," $16,424.64 ",06-01-2014, June ,2014
Government,France, Montana , Low , $544.00 , $5.00 , $7.00 ," $3,808.00 "," $2,720.00 ", $973.76 ,09-01-2014, September ,2014
Enterprise,France, Montana , Low ," $1,287.00 ", $5.00 , $125.00 ," $160,875.00 "," $154,440.00 "," $1,608.75 ",12-01-2014, December ,2014
Small Business,France, Paseo , Low ," $2,434.50 ", $10.00 , $300.00 ," $730,350.00 "," $608,625.00 "," $99,814.50 ",01-01-2014, January ,2014
Channel Partners,France, Paseo , Low ," $1,901.00 ", $10.00 , $12.00 ," $22,812.00 "," $5,703.00 "," $16,424.64 ",06-01-2014, June ,2014
Enterprise,France, Paseo , Low ," $1,287.00 ", $10.00 , $125.00 ," $160,875.00 "," $154,440.00 "," $1,608.75 ",12-01-2014, December ,2014
Midmarket,France, Paseo , Low ," $2,261.00 ", $10.00 , $15.00 ," $33,915.00 "," $22,610.00 "," $9,948.40 ",12-01-2013, December ,2013
Government,France, Velo , Low ," $2,177.00 ", $120.00 , $350.00 ," $761,950.00 "," $566,020.00 "," $165,452.00 ",10-01-2014, October ,2014
Channel Partners,France, VTT , Low , $866.00 , $250.00 , $12.00 ," $10,392.00 "," $2,598.00 "," $7,378.32 ",05-01-2014, May ,2014
Government,France, VTT , Low ," $2,177.00 ", $250.00 , $350.00 ," $761,950.00 "," $566,020.00 "," $165,452.00 ",10-01-2014, October ,2014
Channel Partners,France, Carretera , Medium ," $1,865.00 ", $3.00 , $12.00 ," $22,380.00 "," $5,595.00 "," $15,666.00 ",02-01-2014, February ,2014
Government,France, Carretera , Medium ," $1,563.00 ", $3.00 , $20.00 ," $31,260.00 "," $15,630.00 "," $14,067.00 ",05-01-2014, May ,2014
Government,France, Carretera , Medium ," $2,487.00 ", $3.00 , $7.00 ," $17,409.00 "," $12,435.00 "," $4,103.55 ",12-01-2014, December ,2014
Government,France, Montana , Medium ," $1,384.50 ", $5.00 , $350.00 ," $484,575.00 "," $359,970.00 "," $100,376.25 ",01-01-2014, January ,2014
Government,France, Paseo , Medium ," $1,303.00 ", $10.00 , $20.00 ," $26,060.00 "," $13,030.00 "," $11,727.00 ",02-01-2014, February ,2014
Enterprise,France, Paseo , Medium ," $2,385.00 ", $10.00 , $125.00 ," $298,125.00 "," $286,200.00 "," $(2,981.25)",03-01-2014, March ,2014
Midmarket,France, Paseo , Medium ," $2,620.00 ", $10.00 , $15.00 ," $39,300.00 "," $26,200.00 "," $11,135.00 ",09-01-2014, September ,2014
Enterprise,France, Paseo , Medium , $704.00 , $10.00 , $125.00 ," $88,000.00 "," $84,480.00 ", $(880.00),10-01-2013, October ,2013
Government,France, Paseo , Medium ," $2,136.00 ", $10.00 , $7.00 ," $14,952.00 "," $10,680.00 "," $3,524.40 ",12-01-2013, December ,2013
Government,France, Velo , Medium ," $1,579.00 ", $120.00 , $20.00 ," $31,580.00 "," $15,790.00 "," $14,211.00 ",08-01-2014, August ,2014
Enterprise,France, Velo , Medium , $704.00 , $120.00 , $125.00 ," $88,000.00 "," $84,480.00 ", $(880.00),10-01-2013, October ,2013
Government,France, Velo , Medium ," $1,033.00 ", $120.00 , $20.00 ," $20,660.00 "," $10,330.00 "," $9,297.00 ",12-01-2013, December ,2013
Government,France, VTT , Medium ," $2,487.00 ", $250.00 , $7.00 ," $17,409.00 "," $12,435.00 "," $4,103.55 ",12-01-2014, December ,2014
Midmarket,France, Paseo , Medium ," $3,801.00 ", $10.00 , $15.00 ," $57,015.00 "," $38,010.00 "," $15,584.10 ",04-01-2014, April ,2014
Government,France, Montana , Medium ," $1,403.00 ", $5.00 , $7.00 ," $9,821.00 "," $7,015.00 "," $2,216.74 ",10-01-2013, October ,2013
Government,France, Paseo , Medium ," $1,496.00 ", $10.00 , $350.00 ," $523,600.00 "," $388,960.00 "," $103,224.00 ",06-01-2014, June ,2014
Government,France, Velo , Medium ," $1,496.00 ", $120.00 , $350.00 ," $523,600.00 "," $388,960.00 "," $103,224.00 ",06-01-2014, June ,2014
Small Business,France, Velo , Medium ," $1,221.00 ", $120.00 , $300.00 ," $366,300.00 "," $305,250.00 "," $39,072.00 ",10-01-2013, October ,2013
Government,France, Velo , Medium ," $2,076.00 ", $120.00 , $350.00 ," $726,600.00 "," $539,760.00 "," $143,244.00 ",10-01-2013, October ,2013
Small Business,France, VTT , Medium ," $1,221.00 ", $250.00 , $300.00 ," $366,300.00 "," $305,250.00 "," $39,072.00 ",10-01-2013, October ,2013
Enterprise,France, Amarilla , Medium ," $1,987.50 ", $260.00 , $125.00 ," $248,437.50 "," $238,500.00 "," $(4,968.75)",01-01-2014, January ,2014
Government,France, Amarilla , Medium ," $1,403.00 ", $260.00 , $7.00 ," $9,821.00 "," $7,015.00 "," $2,216.74 ",10-01-2013, October ,2013
Government,France, Amarilla , Medium ," $2,076.00 ", $260.00 , $350.00 ," $726,600.00 "," $539,760.00 "," $143,244.00 ",10-01-2013, October ,2013
Government,France, Montana , Medium ," $1,757.00 ", $5.00 , $20.00 ," $35,140.00 "," $17,570.00 "," $15,461.60 ",10-01-2013, October ,2013
Government,France, Paseo , Medium ," $1,757.00 ", $10.00 , $20.00 ," $35,140.00 "," $17,570.00 "," $15,461.60 ",10-01-2013, October ,2013
Channel Partners,France, Montana , Medium ," $2,342.00 ", $5.00 , $12.00 ," $28,104.00 "," $7,026.00 "," $19,110.72 ",11-01-2014, November ,2014
Government,France, Paseo , Medium ," $1,031.00 ", $10.00 , $7.00 ," $7,217.00 "," $5,155.00 "," $1,556.81 ",09-01-2013, September ,2013
Channel Partners,France, VTT , Medium ," $1,738.50 ", $250.00 , $12.00 ," $20,862.00 "," $5,215.50 "," $14,186.16 ",04-01-2014, April ,2014
Small Business,France, Carretera , Medium , $448.00 , $3.00 , $300.00 ," $134,400.00 "," $112,000.00 "," $12,992.00 ",06-01-2014, June ,2014
Small Business,France, Carretera , Medium ," $2,181.00 ", $3.00 , $300.00 ," $654,300.00 "," $545,250.00 "," $63,249.00 ",10-01-2014, October ,2014
Government,France, Montana , Medium ," $1,976.00 ", $5.00 , $20.00 ," $39,520.00 "," $19,760.00 "," $16,993.60 ",10-01-2014, October ,2014
Small Business,France, Montana , Medium ," $2,181.00 ", $5.00 , $300.00 ," $654,300.00 "," $545,250.00 "," $63,249.00 ",10-01-2014, October ,2014
Small Business,France, Paseo , Medium , $448.00 , $10.00 , $300.00 ," $134,400.00 "," $112,000.00 "," $12,992.00 ",06-01-2014, June ,2014
Midmarket,France, Paseo , Medium ," $2,101.00 ", $10.00 , $15.00 ," $31,515.00 "," $21,010.00 "," $8,298.95 ",08-01-2014, August ,2014
Government,France, Paseo , Medium ," $1,535.00 ", $10.00 , $20.00 ," $30,700.00 "," $15,350.00 "," $13,201.00 ",09-01-2014, September ,2014
Small Business,France, Velo , Medium ," $1,659.00 ", $120.00 , $300.00 ," $497,700.00 "," $414,750.00 "," $48,111.00 ",07-01-2014, July ,2014
Government,France, Velo , Medium ," $1,976.00 ", $120.00 , $20.00 ," $39,520.00 "," $19,760.00 "," $16,993.60 ",10-01-2014, October ,2014
Small Business,France, VTT , Medium , $959.00 , $250.00 , $300.00 ," $287,700.00 "," $239,750.00 "," $27,811.00 ",02-01-2014, February ,2014
Government,France, Amarilla , Medium ," $2,876.00 ", $260.00 , $350.00 ," $1,006,600.00 "," $747,760.00 "," $188,378.00 ",09-01-2014, September ,2014
Midmarket,France, Carretera , Medium , $490.00 , $3.00 , $15.00 ," $7,350.00 "," $4,900.00 "," $1,862.00 ",11-01-2014, November ,2014
Midmarket,France, Montana , Medium ," $2,501.00 ", $5.00 , $15.00 ," $37,515.00 "," $25,010.00 "," $9,503.80 ",03-01-2014, March ,2014
Small Business,France, Montana , Medium ," $1,562.00 ", $5.00 , $300.00 ," $468,600.00 "," $390,500.00 "," $40,612.00 ",08-01-2014, August ,2014
Small Business,France, Velo , Medium , $386.00 , $120.00 , $300.00 ," $115,800.00 "," $96,500.00 "," $10,036.00 ",11-01-2013, November ,2013
Government,France, VTT , Medium , $574.50 , $250.00 , $350.00 ," $201,075.00 "," $149,370.00 "," $35,619.00 ",04-01-2014, April ,2014
Government,France, VTT , Medium , $381.00 , $250.00 , $350.00 ," $133,350.00 "," $99,060.00 "," $23,622.00 ",08-01-2014, August ,2014
Government,France, Montana , Medium ," $1,666.00 ", $5.00 , $350.00 ," $583,100.00 "," $433,160.00 "," $97,461.00 ",05-01-2014, May ,2014
Small Business,France, Montana , Medium , $322.00 , $5.00 , $300.00 ," $96,600.00 "," $80,500.00 "," $7,406.00 ",09-01-2013, September ,2013
Enterprise,France, Montana , Medium ," $1,857.00 ", $5.00 , $125.00 ," $232,125.00 "," $222,840.00 "," $(11,606.25)",11-01-2013, November ,2013
Midmarket,France, Paseo , Medium ," $1,227.00 ", $10.00 , $15.00 ," $18,405.00 "," $12,270.00 "," $4,478.55 ",10-01-2014, October ,2014
Small Business,France, Paseo , Medium ," $1,324.00 ", $10.00 , $300.00 ," $397,200.00 "," $331,000.00 "," $30,452.00 ",11-01-2014, November ,2014
Channel Partners,France, VTT , Medium ," $2,234.00 ", $250.00 , $12.00 ," $26,808.00 "," $6,702.00 "," $17,693.28 ",09-01-2013, September ,2013
Midmarket,France, VTT , Medium ," $1,227.00 ", $250.00 , $15.00 ," $18,405.00 "," $12,270.00 "," $4,478.55 ",10-01-2014, October ,2014
Channel Partners,France, Velo , Medium ," $1,967.00 ", $120.00 , $12.00 ," $23,604.00 "," $5,901.00 "," $15,578.64 ",03-01-2014, March ,2014
Government,France, VTT , Medium ," $2,682.00 ", $250.00 , $20.00 ," $53,640.00 "," $26,820.00 "," $21,992.40 ",11-01-2013, November ,2013
Channel Partners,France, Amarilla , Medium , $306.00 , $260.00 , $12.00 ," $3,672.00 ", $918.00 ," $2,423.52 ",12-01-2013, December ,2013
Enterprise,France, Carretera , High ," $1,482.00 ", $3.00 , $125.00 ," $185,250.00 "," $177,840.00 "," $(11,115.00)",12-01-2013, December ,2013
Midmarket,France, Montana , High ," $2,072.00 ", $5.00 , $15.00 ," $31,080.00 "," $20,720.00 "," $7,252.00 ",12-01-2014, December ,2014
Government,France, Paseo , High ," $1,954.00 ", $10.00 , $20.00 ," $39,080.00 "," $19,540.00 "," $15,632.00 ",03-01-2014, March ,2014
Midmarket,France, Paseo , High ," $2,167.00 ", $10.00 , $15.00 ," $32,505.00 "," $21,670.00 "," $7,584.50 ",10-01-2013, October ,2013
Government,France, Velo , High , $639.00 , $120.00 , $350.00 ," $223,650.00 "," $166,140.00 "," $35,145.00 ",07-01-2014, July ,2014
Small Business,France, Velo , High , $853.00 , $120.00 , $300.00 ," $255,900.00 "," $213,250.00 "," $17,060.00 ",12-01-2014, December ,2014
Midmarket,France, VTT , High ," $2,167.00 ", $250.00 , $15.00 ," $32,505.00 "," $21,670.00 "," $7,584.50 ",10-01-2013, October ,2013
Midmarket,France, Amarilla , High ," $2,072.00 ", $260.00 , $15.00 ," $31,080.00 "," $20,720.00 "," $7,252.00 ",12-01-2014, December ,2014
Small Business,France, Amarilla , High , $853.00 , $260.00 , $300.00 ," $255,900.00 "," $213,250.00 "," $17,060.00 ",12-01-2014, December ,2014
Channel Partners,France, Carretera , High ," $1,198.00 ", $3.00 , $12.00 ," $14,376.00 "," $3,594.00 "," $9,200.64 ",10-01-2013, October ,2013
Government,France, Paseo , High ," $2,532.00 ", $10.00 , $7.00 ," $17,724.00 "," $12,660.00 "," $3,114.36 ",04-01-2014, April ,2014
Channel Partners,France, Paseo , High ," $1,198.00 ", $10.00 , $12.00 ," $14,376.00 "," $3,594.00 "," $9,200.64 ",10-01-2013, October ,2013
Enterprise,France, Carretera , High ," $2,441.00 ", $3.00 , $125.00 ," $305,125.00 "," $292,920.00 "," $(21,358.75)",10-01-2014, October ,2014
Channel Partners,France, Paseo , High ," $2,425.50 ", $10.00 , $12.00 ," $29,106.00 "," $7,276.50 "," $18,627.84 ",07-01-2014, July ,2014
Enterprise,France, Paseo , High ," $2,441.00 ", $10.00 , $125.00 ," $305,125.00 "," $292,920.00 "," $(21,358.75)",10-01-2014, October ,2014
Government,France, Velo , High ," $2,805.00 ", $120.00 , $20.00 ," $56,100.00 "," $28,050.00 "," $21,879.00 ",09-01-2013, September ,2013
Channel Partners,France, VTT , High ," $1,734.00 ", $250.00 , $12.00 ," $20,808.00 "," $5,202.00 "," $13,317.12 ",01-01-2014, January ,2014
Enterprise,France, Amarilla , High ," $1,433.00 ", $260.00 , $125.00 ," $179,125.00 "," $171,960.00 "," $(12,538.75)",05-01-2014, May ,2014
Small Business,France, Montana , High ," $1,773.00 ", $5.00 , $300.00 ," $531,900.00 "," $443,250.00 "," $24,822.00 ",04-01-2014, April ,2014
Small Business,France, Montana , High ," $1,186.00 ", $5.00 , $300.00 ," $355,800.00 "," $296,500.00 "," $16,604.00 ",12-01-2013, December ,2013
Government,France, Paseo , High ," $1,594.00 ", $10.00 , $350.00 ," $557,900.00 "," $414,440.00 "," $76,512.00 ",11-01-2014, November ,2014
Midmarket,France, VTT , High ," $3,874.50 ", $250.00 , $15.00 ," $58,117.50 "," $38,745.00 "," $12,398.40 ",07-01-2014, July ,2014
Government,France, Amarilla , High ," $3,421.50 ", $260.00 , $7.00 ," $23,950.50 "," $17,107.50 "," $3,968.94 ",07-01-2014, July ,2014
Government,France, Carretera , High ," $2,521.50 ", $3.00 , $20.00 ," $50,430.00 "," $25,215.00 "," $19,163.40 ",01-01-2014, January ,2014
Government,France, VTT , High ," $1,491.00 ", $250.00 , $7.00 ," $10,437.00 "," $7,455.00 "," $1,729.56 ",03-01-2014, March ,2014
Government,France, Carretera , High ," $1,790.00 ", $3.00 , $350.00 ," $626,500.00 "," $465,400.00 "," $79,655.00 ",03-01-2014, March ,2014
Government,France, Paseo , High ," $2,696.00 ", $10.00 , $7.00 ," $18,872.00 "," $13,480.00 "," $2,938.64 ",08-01-2014, August ,2014
Midmarket,France, Velo , High ," $3,997.50 ", $120.00 , $15.00 ," $59,962.50 "," $39,975.00 "," $12,192.38 ",01-01-2014, January ,2014
Government,France, Velo , High ," $1,190.00 ", $120.00 , $7.00 ," $8,330.00 "," $5,950.00 "," $1,297.10 ",06-01-2014, June ,2014
Government,France, Amarilla , High ," $1,190.00 ", $260.00 , $7.00 ," $8,330.00 "," $5,950.00 "," $1,297.10 ",06-01-2014, June ,2014
Government,France, Montana , High , $293.00 , $5.00 , $7.00 ," $2,051.00 "," $1,465.00 ", $298.86 ,02-01-2014, February ,2014
Channel Partners,France, Paseo , High ," $1,393.00 ", $10.00 , $12.00 ," $16,716.00 "," $4,179.00 "," $10,196.76 ",10-01-2014, October ,2014
Channel Partners,France, Amarilla , High ," $1,393.00 ", $260.00 , $12.00 ," $16,716.00 "," $4,179.00 "," $10,196.76 ",10-01-2014, October ,2014
Enterprise,France, Carretera , High ," $1,023.00 ", $3.00 , $125.00 ," $127,875.00 "," $122,760.00 "," $(12,787.50)",09-01-2013, September ,2013
Government,France, Paseo , High ," $1,731.00 ", $10.00 , $7.00 ," $12,117.00 "," $8,655.00 "," $1,765.62 ",10-01-2014, October ,2014
Government,France, Paseo , High ," $1,922.00 ", $10.00 , $350.00 ," $672,700.00 "," $499,720.00 "," $78,802.00 ",11-01-2013, November ,2013
Government,France, VTT , High ," $1,281.00 ", $250.00 , $350.00 ," $448,350.00 "," $333,060.00 "," $52,521.00 ",12-01-2013, December ,2013
Channel Partners,France, Amarilla , High ," $2,475.00 ", $260.00 , $12.00 ," $29,700.00 "," $7,425.00 "," $18,117.00 ",08-01-2014, August ,2014
Government,France, Amarilla , High ," $1,731.00 ", $260.00 , $7.00 ," $12,117.00 "," $8,655.00 "," $1,765.62 ",10-01-2014, October ,2014
Enterprise,France, Carretera , High ," $1,174.00 ", $3.00 , $125.00 ," $146,750.00 "," $140,880.00 "," $(16,142.50)",08-01-2014, August ,2014
Government,France, Paseo , High , $293.00 , $10.00 , $20.00 ," $5,860.00 "," $2,930.00 "," $2,051.00 ",12-01-2014, December ,2014
Midmarket,France, Velo , High ," $2,826.00 ", $120.00 , $15.00 ," $42,390.00 "," $28,260.00 "," $7,771.50 ",05-01-2014, May ,2014
Enterprise,France, Velo , High , $663.00 , $120.00 , $125.00 ," $82,875.00 "," $79,560.00 "," $(9,116.25)",09-01-2014, September ,2014
Government,France, VTT , High , $293.00 , $250.00 , $20.00 ," $5,860.00 "," $2,930.00 "," $2,051.00 ",12-01-2014, December ,2014
Small Business,France, Amarilla , High ," $2,475.00 ", $260.00 , $300.00 ," $742,500.00 "," $618,750.00 "," $12,375.00 ",03-01-2014, March ,2014
Channel Partners,Germany, Carretera , Low , $766.00 , $3.00 , $12.00 ," $9,192.00 "," $2,298.00 "," $6,802.08 ",10-01-2013, October ,2013
Midmarket,Germany, Paseo , Low , $747.00 , $10.00 , $15.00 ," $11,205.00 "," $7,470.00 "," $3,622.95 ",09-01-2014, September ,2014
Channel Partners,Germany, Paseo , Low , $766.00 , $10.00 , $12.00 ," $9,192.00 "," $2,298.00 "," $6,802.08 ",10-01-2013, October ,2013
Government,Germany, VTT , Low , $263.00 , $250.00 , $7.00 ," $1,841.00 "," $1,315.00 ", $507.59 ,03-01-2014, March ,2014
Small Business,Germany, VTT , Low , $986.00 , $250.00 , $300.00 ," $295,800.00 "," $246,500.00 "," $46,342.00 ",09-01-2014, September ,2014
Small Business,Germany, Carretera , Low , $214.00 , $3.00 , $300.00 ," $64,200.00 "," $53,500.00 "," $9,416.00 ",10-01-2013, October ,2013
Small Business,Germany, Paseo , Low ," $1,728.00 ", $10.00 , $300.00 ," $518,400.00 "," $432,000.00 "," $76,032.00 ",05-01-2014, May ,2014
Enterprise,Germany, Paseo , Low , $809.00 , $10.00 , $125.00 ," $101,125.00 "," $97,080.00 "," $2,022.50 ",10-01-2013, October ,2013
Government,Germany, Velo , Low ," $2,966.00 ", $120.00 , $350.00 ," $1,038,100.00 "," $771,160.00 "," $246,178.00 ",10-01-2013, October ,2013
Government,Germany, Velo , Low ," $2,877.00 ", $120.00 , $350.00 ," $1,006,950.00 "," $748,020.00 "," $238,791.00 ",10-01-2014, October ,2014
Enterprise,Germany, Velo , Low , $809.00 , $120.00 , $125.00 ," $101,125.00 "," $97,080.00 "," $2,022.50 ",10-01-2013, October ,2013
Small Business,Germany, VTT , Low , $214.00 , $250.00 , $300.00 ," $64,200.00 "," $53,500.00 "," $9,416.00 ",10-01-2013, October ,2013
Government,Germany, VTT , Low ," $2,877.00 ", $250.00 , $350.00 ," $1,006,950.00 "," $748,020.00 "," $238,791.00 ",10-01-2014, October ,2014
Small Business,Germany, Amarilla , Low , $259.00 , $260.00 , $300.00 ," $77,700.00 "," $64,750.00 "," $11,396.00 ",03-01-2014, March ,2014
Enterprise,Germany, Amarilla , Low ," $2,276.00 ", $260.00 , $125.00 ," $284,500.00 "," $273,120.00 "," $5,690.00 ",05-01-2014, May ,2014
Government,Germany, Amarilla , Low ," $2,966.00 ", $260.00 , $350.00 ," $1,038,100.00 "," $771,160.00 "," $246,178.00 ",10-01-2013, October ,2013
Government,Germany, Carretera , Low ," $2,580.00 ", $3.00 , $20.00 ," $51,600.00 "," $25,800.00 "," $24,252.00 ",04-01-2014, April ,2014
Small Business,Germany, Carretera , Low , $689.00 , $3.00 , $300.00 ," $206,700.00 "," $172,250.00 "," $28,249.00 ",06-01-2014, June ,2014
Government,Germany, Montana , Low ," $1,958.00 ", $5.00 , $7.00 ," $13,706.00 "," $9,790.00 "," $3,504.82 ",02-01-2014, February ,2014
Government,Germany, Montana , Low ," $1,797.00 ", $5.00 , $350.00 ," $628,950.00 "," $467,220.00 "," $142,861.50 ",09-01-2013, September ,2013
Enterprise,Germany, Montana , Low ," $1,706.00 ", $5.00 , $125.00 ," $213,250.00 "," $204,720.00 "," $2,132.50 ",12-01-2014, December ,2014
Small Business,Germany, Paseo , Low , $689.00 , $10.00 , $300.00 ," $206,700.00 "," $172,250.00 "," $28,249.00 ",06-01-2014, June ,2014
Enterprise,Germany, Paseo , Low ," $1,570.00 ", $10.00 , $125.00 ," $196,250.00 "," $188,400.00 "," $1,962.50 ",06-01-2014, June ,2014
Midmarket,Germany, Paseo , Low ," $1,945.00 ", $10.00 , $15.00 ," $29,175.00 "," $19,450.00 "," $8,849.75 ",10-01-2013, October ,2013
Enterprise,Germany, Paseo , Low ," $1,706.00 ", $10.00 , $125.00 ," $213,250.00 "," $204,720.00 "," $2,132.50 ",12-01-2014, December ,2014
Enterprise,Germany, VTT , Low ," $1,570.00 ", $250.00 , $125.00 ," $196,250.00 "," $188,400.00 "," $1,962.50 ",06-01-2014, June ,2014
Midmarket,Germany, VTT , Low ," $1,945.00 ", $250.00 , $15.00 ," $29,175.00 "," $19,450.00 "," $8,849.75 ",10-01-2013, October ,2013
Channel Partners,Germany, VTT , Low ," $2,479.00 ", $250.00 , $12.00 ," $29,748.00 "," $7,437.00 "," $21,418.56 ",01-01-2014, January ,2014
Small Business,Germany, Carretera , Low ," $2,021.00 ", $3.00 , $300.00 ," $606,300.00 "," $505,250.00 "," $76,798.00 ",10-01-2014, October ,2014
Small Business,Germany, Montana , Low ," $1,859.00 ", $5.00 , $300.00 ," $557,700.00 "," $464,750.00 "," $70,642.00 ",08-01-2014, August ,2014
Small Business,Germany, Montana , Low ," $2,021.00 ", $5.00 , $300.00 ," $606,300.00 "," $505,250.00 "," $76,798.00 ",10-01-2014, October ,2014
Small Business,Germany, Paseo , Low ," $1,414.50 ", $10.00 , $300.00 ," $424,350.00 "," $353,625.00 "," $53,751.00 ",04-01-2014, April ,2014
Government,Germany, Amarilla , Low ," $1,907.00 ", $260.00 , $350.00 ," $667,450.00 "," $495,820.00 "," $144,932.00 ",09-01-2014, September ,2014
Government,Germany, Montana , Medium ," $1,159.00 ", $5.00 , $7.00 ," $8,113.00 "," $5,795.00 "," $1,912.35 ",10-01-2013, October ,2013
Government,Germany, Paseo , Medium ," $1,372.00 ", $10.00 , $7.00 ," $9,604.00 "," $6,860.00 "," $2,263.80 ",01-01-2014, January ,2014
Government,Germany, Amarilla , Medium ," $1,159.00 ", $260.00 , $7.00 ," $8,113.00 "," $5,795.00 "," $1,912.35 ",10-01-2013, October ,2013
Channel Partners,Germany, Carretera , Medium ," $1,116.00 ", $3.00 , $12.00 ," $13,392.00 "," $3,348.00 "," $9,374.40 ",02-01-2014, February ,2014
Government,Germany, Carretera , Medium ," $1,016.00 ", $3.00 , $7.00 ," $7,112.00 "," $5,080.00 "," $1,676.40 ",11-01-2013, November ,2013
Channel Partners,Germany, Montana , Medium ," $2,342.00 ", $5.00 , $12.00 ," $28,104.00 "," $7,026.00 "," $19,672.80 ",11-01-2014, November ,2014
Midmarket,Germany, Paseo , Medium ," $2,116.00 ", $10.00 , $15.00 ," $31,740.00 "," $21,160.00 "," $8,993.00 ",12-01-2013, December ,2013
Enterprise,Germany, Velo , Medium , $807.00 , $120.00 , $125.00 ," $100,875.00 "," $96,840.00 "," $(1,008.75)",02-01-2014, February ,2014
Small Business,Germany, Velo , Medium ," $1,250.00 ", $120.00 , $300.00 ," $375,000.00 "," $312,500.00 "," $43,750.00 ",12-01-2014, December ,2014
Government,Germany, VTT , Medium ," $2,297.00 ", $250.00 , $20.00 ," $45,940.00 "," $22,970.00 "," $20,673.00 ",11-01-2013, November ,2013
Government,Germany, Amarilla , Medium ," $1,350.00 ", $260.00 , $350.00 ," $472,500.00 "," $351,000.00 "," $97,875.00 ",02-01-2014, February ,2014
Small Business,Germany, Amarilla , Medium ," $1,250.00 ", $260.00 , $300.00 ," $375,000.00 "," $312,500.00 "," $43,750.00 ",12-01-2014, December ,2014
Enterprise,Germany, Carretera , Medium , $887.00 , $3.00 , $125.00 ," $110,875.00 "," $106,440.00 "," $(2,217.50)",12-01-2013, December ,2013
Government,Germany, Montana , Medium ," $1,460.00 ", $5.00 , $350.00 ," $511,000.00 "," $379,600.00 "," $100,740.00 ",05-01-2014, May ,2014
Midmarket,Germany, Velo , Medium ," $1,530.00 ", $120.00 , $15.00 ," $22,950.00 "," $15,300.00 "," $6,273.00 ",05-01-2014, May ,2014
Midmarket,Germany, Paseo , Medium ," $1,743.00 ", $10.00 , $15.00 ," $26,145.00 "," $17,430.00 "," $7,146.30 ",08-01-2014, August ,2014
Government,Germany, Velo , Medium ," $1,001.00 ", $120.00 , $20.00 ," $20,020.00 "," $10,010.00 "," $8,808.80 ",08-01-2014, August ,2014
Channel Partners,Germany, VTT , Medium ," $2,215.00 ", $250.00 , $12.00 ," $26,580.00 "," $6,645.00 "," $18,074.40 ",09-01-2013, September ,2013
Enterprise,Germany, Montana , Medium ," $2,500.00 ", $5.00 , $125.00 ," $312,500.00 "," $300,000.00 "," $(9,375.00)",11-01-2013, November ,2013
Enterprise,Germany, Paseo , Medium ," $3,513.00 ", $10.00 , $125.00 ," $439,125.00 "," $421,560.00 "," $(13,173.75)",07-01-2014, July ,2014
Small Business,Germany, Paseo , Medium ," $1,123.00 ", $10.00 , $300.00 ," $336,900.00 "," $280,750.00 "," $32,567.00 ",09-01-2013, September ,2013
Government,Germany, Paseo , Medium ," $2,125.00 ", $10.00 , $7.00 ," $14,875.00 "," $10,625.00 "," $3,208.75 ",12-01-2013, December ,2013
Enterprise,Germany, Velo , Medium ," $2,087.00 ", $120.00 , $125.00 ," $260,875.00 "," $250,440.00 "," $(7,826.25)",09-01-2014, September ,2014
Government,Germany, Velo , Medium , $588.00 , $120.00 , $20.00 ," $11,760.00 "," $5,880.00 "," $5,056.80 ",12-01-2013, December ,2013
Enterprise,Germany, Amarilla , Medium , $994.00 , $260.00 , $125.00 ," $124,250.00 "," $119,280.00 "," $(3,727.50)",09-01-2013, September ,2013
Government,Germany, Montana , Medium , $645.00 , $5.00 , $20.00 ," $12,900.00 "," $6,450.00 "," $5,418.00 ",07-01-2014, July ,2014
Midmarket,Germany, Montana , Medium , $711.00 , $5.00 , $15.00 ," $10,665.00 "," $7,110.00 "," $2,701.80 ",12-01-2014, December ,2014
Government,Germany, Paseo , Medium ," $1,259.00 ", $10.00 , $7.00 ," $8,813.00 "," $6,295.00 "," $1,812.96 ",04-01-2014, April ,2014
Government,Germany, Paseo , Medium ," $1,095.00 ", $10.00 , $7.00 ," $7,665.00 "," $5,475.00 "," $1,576.80 ",05-01-2014, May ,2014
Government,Germany, Paseo , Medium ," $1,366.00 ", $10.00 , $20.00 ," $27,320.00 "," $13,660.00 "," $11,474.40 ",06-01-2014, June ,2014
Government,Germany, Paseo , Medium ," $1,598.00 ", $10.00 , $7.00 ," $11,186.00 "," $7,990.00 "," $2,301.12 ",08-01-2014, August ,2014
Government,Germany, Paseo , Medium ," $2,409.00 ", $10.00 , $7.00 ," $16,863.00 "," $12,045.00 "," $3,468.96 ",09-01-2013, September ,2013
Government,Germany, Paseo , Medium ," $1,934.00 ", $10.00 , $20.00 ," $38,680.00 "," $19,340.00 "," $16,245.60 ",09-01-2014, September ,2014
Government,Germany, Paseo , Medium ," $2,146.00 ", $10.00 , $350.00 ," $751,100.00 "," $557,960.00 "," $133,052.00 ",11-01-2013, November ,2013
Government,Germany, Velo , Medium ," $2,338.00 ", $120.00 , $7.00 ," $16,366.00 "," $11,690.00 "," $3,366.72 ",06-01-2014, June ,2014
Government,Germany, VTT , Medium ," $2,338.00 ", $250.00 , $7.00 ," $16,366.00 "," $11,690.00 "," $3,366.72 ",06-01-2014, June ,2014
Government,Germany, VTT , Medium , $422.00 , $250.00 , $350.00 ," $147,700.00 "," $109,720.00 "," $26,164.00 ",08-01-2014, August ,2014
Government,Germany, Amarilla , Medium ," $1,366.00 ", $260.00 , $20.00 ," $27,320.00 "," $13,660.00 "," $11,474.40 ",06-01-2014, June ,2014
Government,Germany, Amarilla , Medium ," $1,520.00 ", $260.00 , $20.00 ," $30,400.00 "," $15,200.00 "," $12,768.00 ",11-01-2014, November ,2014
Midmarket,Germany, Amarilla , Medium , $711.00 , $260.00 , $15.00 ," $10,665.00 "," $7,110.00 "," $2,701.80 ",12-01-2014, December ,2014
Small Business,Germany, Montana , Medium , $334.00 , $5.00 , $300.00 ," $100,200.00 "," $83,500.00 "," $7,682.00 ",12-01-2013, December ,2013
Channel Partners,Germany, Paseo , Medium ," $1,775.00 ", $10.00 , $12.00 ," $21,300.00 "," $5,325.00 "," $14,058.00 ",11-01-2013, November ,2013
Government,Germany, Velo , Medium ," $1,307.00 ", $120.00 , $350.00 ," $457,450.00 "," $339,820.00 "," $76,459.50 ",07-01-2014, July ,2014
Small Business,Germany, VTT , Medium ," $2,659.00 ", $250.00 , $300.00 ," $797,700.00 "," $664,750.00 "," $61,157.00 ",02-01-2014, February ,2014
Channel Partners,Germany, VTT , Medium , $880.00 , $250.00 , $12.00 ," $10,560.00 "," $2,640.00 "," $6,969.60 ",05-01-2014, May ,2014
Midmarket,Germany, Amarilla , Medium , $970.00 , $260.00 , $15.00 ," $14,550.00 "," $9,700.00 "," $3,540.50 ",11-01-2013, November ,2013
Government,Germany, Carretera , Medium , $663.00 , $3.00 , $20.00 ," $13,260.00 "," $6,630.00 "," $5,436.60 ",05-01-2014, May ,2014
Channel Partners,Germany, Carretera , Medium ," $1,580.00 ", $3.00 , $12.00 ," $18,960.00 "," $4,740.00 "," $12,513.60 ",09-01-2014, September ,2014
Government,Germany, Paseo , Medium , $360.00 , $10.00 , $7.00 ," $2,520.00 "," $1,800.00 ", $493.20 ,10-01-2014, October ,2014
Government,Germany, VTT , Medium , $360.00 , $250.00 , $7.00 ," $2,520.00 "," $1,800.00 ", $493.20 ,10-01-2014, October ,2014
Government,Germany, Paseo , High , $241.00 , $10.00 , $20.00 ," $4,820.00 "," $2,410.00 "," $1,928.00 ",10-01-2014, October ,2014
Midmarket,Germany, Velo , High , $681.00 , $120.00 , $15.00 ," $10,215.00 "," $6,810.00 "," $2,383.50 ",01-01-2014, January ,2014
Midmarket,Germany, Velo , High , $510.00 , $120.00 , $15.00 ," $7,650.00 "," $5,100.00 "," $1,785.00 ",04-01-2014, April ,2014
Government,Germany, Velo , High , $241.00 , $120.00 , $20.00 ," $4,820.00 "," $2,410.00 "," $1,928.00 ",10-01-2014, October ,2014
Government,Germany, Velo , High ," $2,665.00 ", $120.00 , $7.00 ," $18,655.00 "," $13,325.00 "," $3,464.50 ",11-01-2014, November ,2014
Government,Germany, VTT , High ," $1,870.00 ", $250.00 , $350.00 ," $654,500.00 "," $486,200.00 "," $102,850.00 ",12-01-2013, December ,2013
Channel Partners,Germany, Amarilla , High ," $2,574.00 ", $260.00 , $12.00 ," $30,888.00 "," $7,722.00 "," $20,077.20 ",08-01-2014, August ,2014
Channel Partners,Germany, Velo , High , $472.00 , $120.00 , $12.00 ," $5,664.00 "," $1,416.00 "," $3,624.96 ",10-01-2014, October ,2014
Channel Partners,Germany, Amarilla , High , $472.00 , $260.00 , $12.00 ," $5,664.00 "," $1,416.00 "," $3,624.96 ",10-01-2014, October ,2014
Government,Germany, Carretera , High , $792.00 , $3.00 , $350.00 ," $277,200.00 "," $205,920.00 "," $40,788.00 ",03-01-2014, March ,2014
Small Business,Germany, Carretera , High ," $2,811.00 ", $3.00 , $300.00 ," $843,300.00 "," $702,750.00 "," $47,787.00 ",07-01-2014, July ,2014
Government,Germany, Montana , High , $766.00 , $5.00 , $350.00 ," $268,100.00 "," $199,160.00 "," $39,449.00 ",01-01-2014, January ,2014
Government,Germany, Montana , High ," $2,992.00 ", $5.00 , $20.00 ," $59,840.00 "," $29,920.00 "," $23,337.60 ",10-01-2013, October ,2013
Government,Germany, Paseo , High ," $2,992.00 ", $10.00 , $20.00 ," $59,840.00 "," $29,920.00 "," $23,337.60 ",10-01-2013, October ,2013
Enterprise,Germany, Amarilla , High ," $3,165.00 ", $260.00 , $125.00 ," $395,625.00 "," $379,800.00 "," $(27,693.75)",01-01-2014, January ,2014
Small Business,Germany, Paseo , High ," $1,359.00 ", $10.00 , $300.00 ," $407,700.00 "," $339,750.00 "," $19,026.00 ",11-01-2014, November ,2014
Government,Germany, Paseo , High ," $1,531.00 ", $10.00 , $20.00 ," $30,620.00 "," $15,310.00 "," $11,635.60 ",12-01-2014, December ,2014
Government,Germany, VTT , High ," $1,531.00 ", $250.00 , $20.00 ," $30,620.00 "," $15,310.00 "," $11,635.60 ",12-01-2014, December ,2014
Government,Germany, Carretera , High , $442.00 , $3.00 , $20.00 ," $8,840.00 "," $4,420.00 "," $3,270.80 ",09-01-2013, September ,2013
Small Business,Germany, Paseo , High , $807.00 , $10.00 , $300.00 ," $242,100.00 "," $201,750.00 "," $8,877.00 ",01-01-2014, January ,2014
Government,Germany, Paseo , High ," $2,708.00 ", $10.00 , $20.00 ," $54,160.00 "," $27,080.00 "," $20,039.20 ",02-01-2014, February ,2014
Government,Germany, Paseo , High , $357.00 , $10.00 , $350.00 ," $124,950.00 "," $92,820.00 "," $15,886.50 ",11-01-2014, November ,2014
Channel Partners,Germany, Paseo , High ," $1,013.00 ", $10.00 , $12.00 ," $12,156.00 "," $3,039.00 "," $7,536.72 ",12-01-2014, December ,2014
Midmarket,Germany, Velo , High , $660.00 , $120.00 , $15.00 ," $9,900.00 "," $6,600.00 "," $2,013.00 ",09-01-2013, September ,2013
Channel Partners,Germany, Velo , High ," $1,013.00 ", $120.00 , $12.00 ," $12,156.00 "," $3,039.00 "," $7,536.72 ",12-01-2014, December ,2014
Channel Partners,Germany, Amarilla , High ," $1,770.00 ", $260.00 , $12.00 ," $21,240.00 "," $5,310.00 "," $13,168.80 ",12-01-2013, December ,2013
Government,Germany, Carretera , High , $280.00 , $3.00 , $7.00 ," $1,960.00 "," $1,400.00 ", $285.60 ,12-01-2014, December ,2014
Midmarket,Germany, Paseo , High , $278.00 , $10.00 , $15.00 ," $4,170.00 "," $2,780.00 ", $806.20 ,02-01-2014, February ,2014
Government,Germany, VTT , High , $280.00 , $250.00 , $7.00 ," $1,960.00 "," $1,400.00 ", $285.60 ,12-01-2014, December ,2014
Midmarket,Germany, Carretera , High ," $1,513.00 ", $3.00 , $15.00 ," $22,695.00 "," $15,130.00 "," $4,387.70 ",11-01-2014, November ,2014
Government,Germany, Montana , High ," $1,199.00 ", $5.00 , $350.00 ," $419,650.00 "," $311,740.00 "," $49,159.00 ",04-01-2014, April ,2014
Small Business,Germany, Velo , High ," $2,536.00 ", $120.00 , $300.00 ," $760,800.00 "," $634,000.00 "," $20,288.00 ",11-01-2013, November ,2013
Enterprise,Germany, Carretera , High ," $2,767.00 ", $3.00 , $125.00 ," $345,875.00 "," $332,040.00 "," $(38,046.25)",08-01-2014, August ,2014
Enterprise,Germany, Carretera , High ," $1,085.00 ", $3.00 , $125.00 ," $135,625.00 "," $130,200.00 "," $(14,918.75)",10-01-2014, October ,2014
Government,Germany, Paseo , High ," $1,158.00 ", $10.00 , $20.00 ," $23,160.00 "," $11,580.00 "," $8,106.00 ",03-01-2014, March ,2014
Enterprise,Germany, Paseo , High ," $1,085.00 ", $10.00 , $125.00 ," $135,625.00 "," $130,200.00 "," $(14,918.75)",10-01-2014, October ,2014
Midmarket,Germany, Paseo , High ," $1,175.00 ", $10.00 , $15.00 ," $17,625.00 "," $11,750.00 "," $3,231.25 ",10-01-2014, October ,2014
Midmarket,Germany, VTT , High , $492.00 , $250.00 , $15.00 ," $7,380.00 "," $4,920.00 "," $1,353.00 ",07-01-2014, July ,2014
Midmarket,Germany, VTT , High ," $1,175.00 ", $250.00 , $15.00 ," $17,625.00 "," $11,750.00 "," $3,231.25 ",10-01-2014, October ,2014
Enterprise,Germany, VTT , High , $552.00 , $250.00 , $125.00 ," $69,000.00 "," $66,240.00 "," $(7,590.00)",11-01-2014, November ,2014
Government,Mexico, Carretera , Low ," $1,210.00 ", $3.00 , $350.00 ," $423,500.00 "," $314,600.00 "," $104,665.00 ",03-01-2014, March ,2014
Small Business,Mexico, Carretera , Low , $494.00 , $3.00 , $300.00 ," $148,200.00 "," $123,500.00 "," $23,218.00 ",10-01-2013, October ,2013
Government,Mexico, Carretera , Low ," $1,397.00 ", $3.00 , $350.00 ," $488,950.00 "," $363,220.00 "," $120,840.50 ",10-01-2014, October ,2014
Midmarket,Mexico, Montana , Low ," $2,214.00 ", $5.00 , $15.00 ," $33,210.00 "," $22,140.00 "," $10,737.90 ",03-01-2014, March ,2014
Enterprise,Mexico, Paseo , Low ," $1,823.00 ", $10.00 , $125.00 ," $227,875.00 "," $218,760.00 "," $6,836.25 ",07-01-2014, July ,2014
Government,Mexico, Velo , Low , $362.00 , $120.00 , $7.00 ," $2,534.00 "," $1,810.00 ", $698.66 ,05-01-2014, May ,2014
Small Business,Mexico, VTT , Low , $494.00 , $250.00 , $300.00 ," $148,200.00 "," $123,500.00 "," $23,218.00 ",10-01-2013, October ,2013
Government,Mexico, VTT , Low ," $1,397.00 ", $250.00 , $350.00 ," $488,950.00 "," $363,220.00 "," $120,840.50 ",10-01-2014, October ,2014
Channel Partners,Mexico, Montana , Low , $690.00 , $5.00 , $12.00 ," $8,280.00 "," $2,070.00 "," $6,044.40 ",11-01-2014, November ,2014
Enterprise,Mexico, Montana , Low ," $1,660.00 ", $5.00 , $125.00 ," $207,500.00 "," $199,200.00 "," $4,150.00 ",11-01-2013, November ,2013
Enterprise,Mexico, Paseo , Low , $662.00 , $10.00 , $125.00 ," $82,750.00 "," $79,440.00 "," $1,655.00 ",06-01-2014, June ,2014
Enterprise,Mexico, Paseo , Low ," $2,145.00 ", $10.00 , $125.00 ," $268,125.00 "," $257,400.00 "," $5,362.50 ",10-01-2013, October ,2013
Channel Partners,Mexico, Paseo , Low ," $1,084.00 ", $10.00 , $12.00 ," $13,008.00 "," $3,252.00 "," $9,495.84 ",12-01-2014, December ,2014
Enterprise,Mexico, Velo , Low ," $2,145.00 ", $120.00 , $125.00 ," $268,125.00 "," $257,400.00 "," $5,362.50 ",10-01-2013, October ,2013
Government,Mexico, Velo , Low , $544.00 , $120.00 , $20.00 ," $10,880.00 "," $5,440.00 "," $5,222.40 ",12-01-2013, December ,2013
Channel Partners,Mexico, Velo , Low ," $1,084.00 ", $120.00 , $12.00 ," $13,008.00 "," $3,252.00 "," $9,495.84 ",12-01-2014, December ,2014
Enterprise,Mexico, VTT , Low , $662.00 , $250.00 , $125.00 ," $82,750.00 "," $79,440.00 "," $1,655.00 ",06-01-2014, June ,2014
Government,Mexico, VTT , Low ," $1,940.00 ", $250.00 , $350.00 ," $679,000.00 "," $504,400.00 "," $161,020.00 ",12-01-2013, December ,2013
Small Business,Mexico, Amarilla , Low ," $1,101.00 ", $260.00 , $300.00 ," $330,300.00 "," $275,250.00 "," $48,444.00 ",03-01-2014, March ,2014
Channel Partners,Mexico, VTT , Low ," $1,916.00 ", $250.00 , $12.00 ," $22,992.00 "," $5,748.00 "," $16,554.24 ",04-01-2014, April ,2014
Government,Mexico, VTT , Low ," $1,642.00 ", $250.00 , $350.00 ," $574,700.00 "," $426,920.00 "," $130,539.00 ",08-01-2014, August ,2014
Government,Mexico, Paseo , Low ," $1,760.00 ", $10.00 , $7.00 ," $12,320.00 "," $8,800.00 "," $3,150.40 ",09-01-2013, September ,2013
Midmarket,Mexico, Montana , Low ," $2,031.00 ", $5.00 , $15.00 ," $30,465.00 "," $20,310.00 "," $8,936.40 ",10-01-2014, October ,2014
Midmarket,Mexico, Paseo , Low ," $2,031.00 ", $10.00 , $15.00 ," $30,465.00 "," $20,310.00 "," $8,936.40 ",10-01-2014, October ,2014
Midmarket,Mexico, Paseo , Low ," $1,514.00 ", $10.00 , $15.00 ," $22,710.00 "," $15,140.00 "," $6,661.60 ",10-01-2013, October ,2013
Midmarket,Mexico, VTT , Low ," $1,514.00 ", $250.00 , $15.00 ," $22,710.00 "," $15,140.00 "," $6,661.60 ",10-01-2013, October ,2013
Government,Mexico, Amarilla , Low ," $1,865.00 ", $260.00 , $350.00 ," $652,750.00 "," $484,900.00 "," $141,740.00 ",02-01-2014, February ,2014
Government,Mexico, Paseo , Medium ," $2,689.00 ", $10.00 , $7.00 ," $18,823.00 "," $13,445.00 "," $4,436.85 ",10-01-2014, October ,2014
Government,Mexico, VTT , Medium ," $2,689.00 ", $250.00 , $7.00 ," $18,823.00 "," $13,445.00 "," $4,436.85 ",10-01-2014, October ,2014
Government,Mexico, Amarilla , Medium ," $1,683.00 ", $260.00 , $7.00 ," $11,781.00 "," $8,415.00 "," $2,776.95 ",07-01-2014, July ,2014
Channel Partners,Mexico, Amarilla , Medium ," $1,123.00 ", $260.00 , $12.00 ," $13,476.00 "," $3,369.00 "," $9,433.20 ",08-01-2014, August ,2014
Midmarket,Mexico, Carretera , Medium ," $2,791.00 ", $3.00 , $15.00 ," $41,865.00 "," $27,910.00 "," $11,861.75 ",11-01-2014, November ,2014
Government,Mexico, Montana , Medium , $720.00 , $5.00 , $350.00 ," $252,000.00 "," $187,200.00 "," $52,200.00 ",09-01-2013, September ,2013
Small Business,Mexico, Montana , Medium ," $1,100.00 ", $5.00 , $300.00 ," $330,000.00 "," $275,000.00 "," $38,500.00 ",12-01-2013, December ,2013
Small Business,Mexico, Paseo , Medium ," $1,607.00 ", $10.00 , $300.00 ," $482,100.00 "," $401,750.00 "," $56,245.00 ",04-01-2014, April ,2014
Midmarket,Mexico, Velo , Medium ," $2,861.00 ", $120.00 , $15.00 ," $42,915.00 "," $28,610.00 "," $12,159.25 ",01-01-2014, January ,2014
Channel Partners,Mexico, Carretera , Medium , $562.00 , $3.00 , $12.00 ," $6,744.00 "," $1,686.00 "," $4,653.36 ",09-01-2014, September ,2014
Government,Mexico, Montana , Medium , $980.00 , $5.00 , $350.00 ," $343,000.00 "," $254,800.00 "," $67,620.00 ",04-01-2014, April ,2014
Government,Mexico, Velo , Medium ," $1,498.00 ", $120.00 , $7.00 ," $10,486.00 "," $7,490.00 "," $2,366.84 ",06-01-2014, June ,2014
Government,Mexico, VTT , Medium ," $1,498.00 ", $250.00 , $7.00 ," $10,486.00 "," $7,490.00 "," $2,366.84 ",06-01-2014, June ,2014
Government,Mexico, VTT , Medium ," $1,123.00 ", $250.00 , $20.00 ," $22,460.00 "," $11,230.00 "," $9,882.40 ",11-01-2013, November ,2013
Government,Mexico, Amarilla , Medium ," $1,679.00 ", $260.00 , $350.00 ," $587,650.00 "," $436,540.00 "," $115,851.00 ",09-01-2014, September ,2014
Government,Mexico, Velo , Medium ," $1,333.00 ", $120.00 , $7.00 ," $9,331.00 "," $6,665.00 "," $2,106.14 ",11-01-2014, November ,2014
Channel Partners,Mexico, Carretera , Medium , $727.00 , $3.00 , $12.00 ," $8,724.00 "," $2,181.00 "," $5,932.32 ",02-01-2014, February ,2014
Government,Mexico, Carretera , Medium ," $1,834.00 ", $3.00 , $20.00 ," $36,680.00 "," $18,340.00 "," $15,772.40 ",09-01-2013, September ,2013
Channel Partners,Mexico, Montana , Medium ," $2,340.00 ", $5.00 , $12.00 ," $28,080.00 "," $7,020.00 "," $19,094.40 ",01-01-2014, January ,2014
Channel Partners,Mexico, Paseo , Medium ," $2,763.00 ", $10.00 , $12.00 ," $33,156.00 "," $8,289.00 "," $22,546.08 ",11-01-2013, November ,2013
Government,Mexico, Velo , Medium , $609.00 , $120.00 , $20.00 ," $12,180.00 "," $6,090.00 "," $5,237.40 ",08-01-2014, August ,2014
Small Business,Mexico, VTT , Medium ," $2,747.00 ", $250.00 , $300.00 ," $824,100.00 "," $686,750.00 "," $79,663.00 ",02-01-2014, February ,2014
Enterprise,Mexico, Carretera , Medium ," $1,540.00 ", $3.00 , $125.00 ," $192,500.00 "," $184,800.00 "," $(7,700.00)",08-01-2014, August ,2014
Government,Mexico, Carretera , Medium ," $1,362.00 ", $3.00 , $350.00 ," $476,700.00 "," $354,120.00 "," $84,444.00 ",12-01-2014, December ,2014
Enterprise,Mexico, Paseo , Medium ," $1,114.00 ", $10.00 , $125.00 ," $139,250.00 "," $133,680.00 "," $(5,570.00)",03-01-2014, March ,2014
Small Business,Mexico, Paseo , Medium ," $2,460.00 ", $10.00 , $300.00 ," $738,000.00 "," $615,000.00 "," $63,960.00 ",06-01-2014, June ,2014
Government,Mexico, Paseo , Medium ," $2,993.00 ", $10.00 , $20.00 ," $59,860.00 "," $29,930.00 "," $25,141.20 ",09-01-2014, September ,2014
Government,Mexico, Paseo , Medium ," $1,946.00 ", $10.00 , $7.00 ," $13,622.00 "," $9,730.00 "," $2,802.24 ",12-01-2013, December ,2013
Government,Mexico, Paseo , Medium ," $1,362.00 ", $10.00 , $350.00 ," $476,700.00 "," $354,120.00 "," $84,444.00 ",12-01-2014, December ,2014
Small Business,Mexico, Velo , Medium , $635.00 , $120.00 , $300.00 ," $190,500.00 "," $158,750.00 "," $16,510.00 ",12-01-2014, December ,2014
Small Business,Mexico, Amarilla , Medium ," $2,460.00 ", $260.00 , $300.00 ," $738,000.00 "," $615,000.00 "," $63,960.00 ",06-01-2014, June ,2014
Channel Partners,Mexico, Amarilla , Medium ," $1,375.00 ", $260.00 , $12.00 ," $16,500.00 "," $4,125.00 "," $11,055.00 ",12-01-2013, December ,2013
Small Business,Mexico, Amarilla , Medium , $635.00 , $260.00 , $300.00 ," $190,500.00 "," $158,750.00 "," $16,510.00 ",12-01-2014, December ,2014
Channel Partners,Mexico, Carretera , Medium , $367.00 , $3.00 , $12.00 ," $4,404.00 "," $1,101.00 "," $2,906.64 ",10-01-2013, October ,2013
Small Business,Mexico, Paseo , Medium ," $2,565.00 ", $10.00 , $300.00 ," $769,500.00 "," $641,250.00 "," $58,995.00 ",01-01-2014, January ,2014
Government,Mexico, Paseo , Medium ," $2,417.00 ", $10.00 , $350.00 ," $845,950.00 "," $628,420.00 "," $141,394.50 ",01-01-2014, January ,2014
Channel Partners,Mexico, Paseo , Medium , $367.00 , $10.00 , $12.00 ," $4,404.00 "," $1,101.00 "," $2,906.64 ",10-01-2013, October ,2013
Midmarket,Mexico, Velo , Medium , $245.00 , $120.00 , $15.00 ," $3,675.00 "," $2,450.00 ", $894.25 ,05-01-2014, May ,2014
Enterprise,Mexico, Velo , Medium ," $2,110.00 ", $120.00 , $125.00 ," $263,750.00 "," $253,200.00 "," $(13,187.50)",09-01-2014, September ,2014
Enterprise,Mexico, VTT , Medium , $877.00 , $250.00 , $125.00 ," $109,625.00 "," $105,240.00 "," $(5,481.25)",11-01-2014, November ,2014
Government,Mexico, Amarilla , Medium ," $1,694.00 ", $260.00 , $20.00 ," $33,880.00 "," $16,940.00 "," $13,890.80 ",11-01-2014, November ,2014
Government,Mexico, Carretera , Medium , $521.00 , $3.00 , $7.00 ," $3,647.00 "," $2,605.00 ", $713.77 ,12-01-2014, December ,2014
Government,Mexico, Paseo , Medium ," $1,038.00 ", $10.00 , $20.00 ," $20,760.00 "," $10,380.00 "," $8,511.60 ",06-01-2014, June ,2014
Midmarket,Mexico, Velo , Medium ," $2,628.00 ", $120.00 , $15.00 ," $39,420.00 "," $26,280.00 "," $9,592.20 ",04-01-2014, April ,2014
Government,Mexico, VTT , Medium , $521.00 , $250.00 , $7.00 ," $3,647.00 "," $2,605.00 ", $713.77 ,12-01-2014, December ,2014
Government,Mexico, Amarilla , Medium ," $1,038.00 ", $260.00 , $20.00 ," $20,760.00 "," $10,380.00 "," $8,511.60 ",06-01-2014, June ,2014
Small Business,Mexico, Paseo , High , $591.00 , $10.00 , $300.00 ," $177,300.00 "," $147,750.00 "," $11,820.00 ",05-01-2014, May ,2014
Enterprise,Mexico, VTT , High , $341.00 , $250.00 , $125.00 ," $42,625.00 "," $40,920.00 "," $(2,557.50)",05-01-2014, May ,2014
Midmarket,Mexico, VTT , High , $641.00 , $250.00 , $15.00 ," $9,615.00 "," $6,410.00 "," $2,243.50 ",07-01-2014, July ,2014
Small Business,Mexico, VTT , High , $432.00 , $250.00 , $300.00 ," $129,600.00 "," $108,000.00 "," $8,640.00 ",09-01-2014, September ,2014
Government,Mexico, Amarilla , High ," $2,039.00 ", $260.00 , $20.00 ," $40,780.00 "," $20,390.00 "," $16,312.00 ",05-01-2014, May ,2014
Channel Partners,Mexico, VTT , High ," $1,005.00 ", $250.00 , $12.00 ," $12,060.00 "," $3,015.00 "," $7,718.40 ",09-01-2013, September ,2013
Government,Mexico, Carretera , High ," $2,706.00 ", $3.00 , $7.00 ," $18,942.00 "," $13,530.00 "," $3,328.38 ",11-01-2013, November ,2013
Midmarket,Mexico, Montana , High ," $2,157.00 ", $5.00 , $15.00 ," $32,355.00 "," $21,570.00 "," $7,225.95 ",12-01-2014, December ,2014
Government,Mexico, Paseo , High ," $1,122.00 ", $10.00 , $20.00 ," $22,440.00 "," $11,220.00 "," $8,751.60 ",03-01-2014, March ,2014
Midmarket,Mexico, Paseo , High ," $1,984.00 ", $10.00 , $15.00 ," $29,760.00 "," $19,840.00 "," $6,646.40 ",08-01-2014, August ,2014
Midmarket,Mexico, Velo , High , $655.00 , $120.00 , $15.00 ," $9,825.00 "," $6,550.00 "," $2,194.25 ",09-01-2013, September ,2013
Government,Mexico, Velo , High , $344.00 , $120.00 , $350.00 ," $120,400.00 "," $89,440.00 "," $17,716.00 ",10-01-2013, October ,2013
Enterprise,Mexico, VTT , High , $554.00 , $250.00 , $125.00 ," $69,250.00 "," $66,480.00 "," $(4,847.50)",01-01-2014, January ,2014
Government,Mexico, Amarilla , High ," $2,629.00 ", $260.00 , $20.00 ," $52,580.00 "," $26,290.00 "," $20,506.20 ",01-01-2014, January ,2014
Enterprise,Mexico, Amarilla , High , $947.00 , $260.00 , $125.00 ," $118,375.00 "," $113,640.00 "," $(8,286.25)",09-01-2013, September ,2013
Government,Mexico, Amarilla , High , $344.00 , $260.00 , $350.00 ," $120,400.00 "," $89,440.00 "," $17,716.00 ",10-01-2013, October ,2013
Midmarket,Mexico, Amarilla , High ," $2,157.00 ", $260.00 , $15.00 ," $32,355.00 "," $21,570.00 "," $7,225.95 ",12-01-2014, December ,2014
Government,Mexico, Carretera , High , $886.00 , $3.00 , $350.00 ," $310,100.00 "," $230,360.00 "," $42,528.00 ",06-01-2014, June ,2014
Enterprise,Mexico, Carretera , High ," $2,156.00 ", $3.00 , $125.00 ," $269,500.00 "," $258,720.00 "," $(21,560.00)",10-01-2014, October ,2014
Government,Mexico, Montana , High ," $2,420.00 ", $5.00 , $7.00 ," $16,940.00 "," $12,100.00 "," $2,807.20 ",09-01-2014, September ,2014
Government,Mexico, Montana , High ," $1,715.00 ", $5.00 , $20.00 ," $34,300.00 "," $17,150.00 "," $13,034.00 ",10-01-2013, October ,2013
Government,Mexico, Paseo , High , $886.00 , $10.00 , $350.00 ," $310,100.00 "," $230,360.00 "," $42,528.00 ",06-01-2014, June ,2014
Enterprise,Mexico, Paseo , High ," $2,156.00 ", $10.00 , $125.00 ," $269,500.00 "," $258,720.00 "," $(21,560.00)",10-01-2014, October ,2014
Government,Mexico, Paseo , High , $905.00 , $10.00 , $20.00 ," $18,100.00 "," $9,050.00 "," $6,878.00 ",10-01-2014, October ,2014
Government,Mexico, Paseo , High ," $1,715.00 ", $10.00 , $20.00 ," $34,300.00 "," $17,150.00 "," $13,034.00 ",10-01-2013, October ,2013
Small Business,Mexico, Paseo , High ," $2,150.00 ", $10.00 , $300.00 ," $645,000.00 "," $537,500.00 "," $30,100.00 ",11-01-2014, November ,2014
Government,Mexico, Paseo , High ," $1,197.00 ", $10.00 , $350.00 ," $418,950.00 "," $311,220.00 "," $57,456.00 ",11-01-2014, November ,2014
Midmarket,Mexico, Paseo , High , $380.00 , $10.00 , $15.00 ," $5,700.00 "," $3,800.00 "," $1,216.00 ",12-01-2013, December ,2013
Government,Mexico, Paseo , High ," $1,233.00 ", $10.00 , $20.00 ," $24,660.00 "," $12,330.00 "," $9,370.80 ",12-01-2014, December ,2014
Government,Mexico, Velo , High ," $1,395.00 ", $120.00 , $350.00 ," $488,250.00 "," $362,700.00 "," $66,960.00 ",07-01-2014, July ,2014
Government,Mexico, Velo , High , $905.00 , $120.00 , $20.00 ," $18,100.00 "," $9,050.00 "," $6,878.00 ",10-01-2014, October ,2014
Government,Mexico, VTT , High ," $1,233.00 ", $250.00 , $20.00 ," $24,660.00 "," $12,330.00 "," $9,370.80 ",12-01-2014, December ,2014
Channel Partners,Mexico, Montana , High ," $2,661.00 ", $5.00 , $12.00 ," $31,932.00 "," $7,983.00 "," $20,117.16 ",05-01-2014, May ,2014
Channel Partners,Mexico, Montana , High , $604.00 , $5.00 , $12.00 ," $7,248.00 "," $1,812.00 "," $4,493.76 ",06-01-2014, June ,2014
Government,Mexico, Montana , High ," $2,255.00 ", $5.00 , $20.00 ," $45,100.00 "," $22,550.00 "," $16,687.00 ",07-01-2014, July ,2014
Channel Partners,Mexico, Paseo , High , $571.00 , $10.00 , $12.00 ," $6,852.00 "," $1,713.00 "," $4,248.24 ",07-01-2014, July ,2014
Channel Partners,Mexico, Velo , High , $604.00 , $120.00 , $12.00 ," $7,248.00 "," $1,812.00 "," $4,493.76 ",06-01-2014, June ,2014
Channel Partners,Mexico, Velo , High , $410.00 , $120.00 , $12.00 ," $4,920.00 "," $1,230.00 "," $3,050.40 ",10-01-2014, October ,2014
Small Business,Mexico, Velo , High ," $2,605.00 ", $120.00 , $300.00 ," $781,500.00 "," $651,250.00 "," $28,655.00 ",11-01-2013, November ,2013
Channel Partners,Mexico, Amarilla , High , $410.00 , $260.00 , $12.00 ," $4,920.00 "," $1,230.00 "," $3,050.40 ",10-01-2014, October ,2014
Government,Mexico, Carretera , High ," $2,579.00 ", $3.00 , $20.00 ," $51,580.00 "," $25,790.00 "," $18,568.80 ",04-01-2014, April ,2014
Small Business,Mexico, Carretera , High , $801.00 , $3.00 , $300.00 ," $240,300.00 "," $200,250.00 "," $6,408.00 ",07-01-2014, July ,2014
Enterprise,Mexico, Carretera , High ," $2,821.00 ", $3.00 , $125.00 ," $352,625.00 "," $338,520.00 "," $(35,262.50)",12-01-2013, December ,2013
Government,Mexico, Montana , High ," $1,727.00 ", $5.00 , $7.00 ," $12,089.00 "," $8,635.00 "," $1,761.54 ",10-01-2013, October ,2013
Government,Mexico, Paseo , High , $260.00 , $10.00 , $20.00 ," $5,200.00 "," $2,600.00 "," $1,872.00 ",02-01-2014, February ,2014
Enterprise,Mexico, Velo , High ," $1,575.00 ", $120.00 , $125.00 ," $196,875.00 "," $189,000.00 "," $(19,687.50)",02-01-2014, February ,2014
Government,Mexico, VTT , High ," $2,903.00 ", $250.00 , $7.00 ," $20,321.00 "," $14,515.00 "," $2,961.06 ",03-01-2014, March ,2014
Government,Mexico, Amarilla , High ," $1,727.00 ", $260.00 , $7.00 ," $12,089.00 "," $8,635.00 "," $1,761.54 ",10-01-2013, October ,2013
Midmarket,Mexico, Amarilla , High ," $1,870.00 ", $260.00 , $15.00 ," $28,050.00 "," $18,700.00 "," $5,423.00 ",11-01-2013, November ,2013
Small Business,Mexico, Montana , High , $546.00 , $5.00 , $300.00 ," $163,800.00 "," $136,500.00 "," $2,730.00 ",10-01-2014, October ,2014
Government,Mexico, Paseo , High ," $2,535.00 ", $10.00 , $7.00 ," $17,745.00 "," $12,675.00 "," $2,408.25 ",04-01-2014, April ,2014
Government,Mexico, Paseo , High ," $2,851.00 ", $10.00 , $350.00 ," $997,850.00 "," $741,260.00 "," $106,912.50 ",05-01-2014, May ,2014
Government,Mexico, Paseo , High ," $2,151.00 ", $10.00 , $350.00 ," $752,850.00 "," $559,260.00 "," $80,662.50 ",11-01-2013, November ,2013
Channel Partners,Mexico, Velo , High , $500.00 , $120.00 , $12.00 ," $6,000.00 "," $1,500.00 "," $3,600.00 ",03-01-2014, March ,2014
Small Business,Mexico, Amarilla , High , $546.00 , $260.00 , $300.00 ," $163,800.00 "," $136,500.00 "," $2,730.00 ",10-01-2014, October ,2014
Government,Mexico, Montana , High ," $1,368.00 ", $5.00 , $7.00 ," $9,576.00 "," $6,840.00 "," $1,299.60 ",02-01-2014, February ,2014
Channel Partners,USA, Carretera , Low ," $1,858.00 ", $3.00 , $12.00 ," $22,296.00 "," $5,574.00 "," $16,499.04 ",02-01-2014, February ,2014
Government,USA, Carretera , Low ," $2,529.00 ", $3.00 , $7.00 ," $17,703.00 "," $12,645.00 "," $4,880.97 ",07-01-2014, July ,2014
Enterprise,USA, Carretera , Low , $330.00 , $3.00 , $125.00 ," $41,250.00 "," $39,600.00 "," $1,237.50 ",09-01-2013, September ,2013
Small Business,USA, Montana , Low ," $2,301.00 ", $5.00 , $300.00 ," $690,300.00 "," $575,250.00 "," $108,147.00 ",04-01-2014, April ,2014
Small Business,USA, Montana , Low ," $2,498.00 ", $5.00 , $300.00 ," $749,400.00 "," $624,500.00 "," $117,406.00 ",09-01-2013, September ,2013
Enterprise,USA, Montana , Low , $663.00 , $5.00 , $125.00 ," $82,875.00 "," $79,560.00 "," $2,486.25 ",10-01-2013, October ,2013
Midmarket,USA, Paseo , Low ," $1,514.00 ", $10.00 , $15.00 ," $22,710.00 "," $15,140.00 "," $7,342.90 ",02-01-2014, February ,2014
Government,USA, Paseo , Low ," $4,492.50 ", $10.00 , $7.00 ," $31,447.50 "," $22,462.50 "," $8,670.52 ",04-01-2014, April ,2014
Enterprise,USA, Paseo , Low , $727.00 , $10.00 , $125.00 ," $90,875.00 "," $87,240.00 "," $2,726.25 ",06-01-2014, June ,2014
Small Business,USA, Paseo , Low ," $2,905.00 ", $10.00 , $300.00 ," $871,500.00 "," $726,250.00 "," $136,535.00 ",11-01-2014, November ,2014
Enterprise,USA, Velo , Low , $663.00 , $120.00 , $125.00 ," $82,875.00 "," $79,560.00 "," $2,486.25 ",10-01-2013, October ,2013
Government,USA, Montana , Low ," $1,566.00 ", $5.00 , $20.00 ," $31,320.00 "," $15,660.00 "," $15,033.60 ",10-01-2014, October ,2014
Channel Partners,USA, Paseo , Low ," $1,142.00 ", $10.00 , $12.00 ," $13,704.00 "," $3,426.00 "," $10,003.92 ",06-01-2014, June ,2014
Midmarket,USA, Paseo , Low ," $1,925.00 ", $10.00 , $15.00 ," $28,875.00 "," $19,250.00 "," $9,047.50 ",12-01-2013, December ,2013
Government,USA, Paseo , Low ," $2,013.00 ", $10.00 , $7.00 ," $14,091.00 "," $10,065.00 "," $3,744.18 ",12-01-2013, December ,2013
Government,USA, Velo , Low ," $1,566.00 ", $120.00 , $20.00 ," $31,320.00 "," $15,660.00 "," $15,033.60 ",10-01-2014, October ,2014
Government,USA, VTT , Low , $266.00 , $250.00 , $350.00 ," $93,100.00 "," $69,160.00 "," $22,078.00 ",12-01-2013, December ,2013
Government,USA, Amarilla , Low ," $1,236.00 ", $260.00 , $20.00 ," $24,720.00 "," $12,360.00 "," $11,865.60 ",11-01-2014, November ,2014
Channel Partners,USA, Carretera , Low ," $1,947.00 ", $3.00 , $12.00 ," $23,364.00 "," $5,841.00 "," $16,822.08 ",09-01-2014, September ,2014
Channel Partners,USA, Paseo , Low ," $1,369.50 ", $10.00 , $12.00 ," $16,434.00 "," $4,108.50 "," $11,832.48 ",07-01-2014, July ,2014
Small Business,USA, VTT , Low ," $2,844.00 ", $250.00 , $300.00 ," $853,200.00 "," $711,000.00 "," $116,604.00 ",02-01-2014, February ,2014
Government,USA, Velo , Low , $736.00 , $120.00 , $20.00 ," $14,720.00 "," $7,360.00 "," $6,771.20 ",09-01-2013, September ,2013
Government,USA, Carretera , Low , $274.00 , $3.00 , $350.00 ," $95,900.00 "," $71,240.00 "," $20,824.00 ",12-01-2014, December ,2014
Small Business,USA, Paseo , Low ," $2,918.00 ", $10.00 , $300.00 ," $875,400.00 "," $729,500.00 "," $110,884.00 ",05-01-2014, May ,2014
Government,USA, Paseo , Low ," $3,450.00 ", $10.00 , $350.00 ," $1,207,500.00 "," $897,000.00 "," $262,200.00 ",07-01-2014, July ,2014
Government,USA, Paseo , Low ," $1,056.00 ", $10.00 , $20.00 ," $21,120.00 "," $10,560.00 "," $9,715.20 ",09-01-2014, September ,2014
Midmarket,USA, Paseo , Low , $671.00 , $10.00 , $15.00 ," $10,065.00 "," $6,710.00 "," $2,952.40 ",10-01-2013, October ,2013
Government,USA, Paseo , Low , $274.00 , $10.00 , $350.00 ," $95,900.00 "," $71,240.00 "," $20,824.00 ",12-01-2014, December ,2014
Channel Partners,USA, Velo , Low ," $1,465.00 ", $120.00 , $12.00 ," $17,580.00 "," $4,395.00 "," $12,481.80 ",03-01-2014, March ,2014
Government,USA, VTT , Low , $349.00 , $250.00 , $350.00 ," $122,150.00 "," $90,740.00 "," $26,524.00 ",09-01-2013, September ,2013
Midmarket,USA, Amarilla , Low , $671.00 , $260.00 , $15.00 ," $10,065.00 "," $6,710.00 "," $2,952.40 ",10-01-2013, October ,2013
Small Business,USA, Carretera , Medium , $991.00 , $3.00 , $300.00 ," $297,300.00 "," $247,750.00 "," $34,685.00 ",06-01-2014, June ,2014
Government,USA, Carretera , Medium , $570.00 , $3.00 , $7.00 ," $3,990.00 "," $2,850.00 ", $940.50 ,12-01-2014, December ,2014
Enterprise,USA, Montana , Medium ," $3,627.00 ", $5.00 , $125.00 ," $453,375.00 "," $435,240.00 "," $(4,533.75)",07-01-2014, July ,2014
Enterprise,USA, Paseo , Medium ," $2,992.00 ", $10.00 , $125.00 ," $374,000.00 "," $359,040.00 "," $(3,740.00)",03-01-2014, March ,2014
Government,USA, Paseo , Medium ," $2,327.00 ", $10.00 , $7.00 ," $16,289.00 "," $11,635.00 "," $3,839.55 ",05-01-2014, May ,2014
Small Business,USA, Paseo , Medium , $991.00 , $10.00 , $300.00 ," $297,300.00 "," $247,750.00 "," $34,685.00 ",06-01-2014, June ,2014
Government,USA, Paseo , Medium , $602.00 , $10.00 , $350.00 ," $210,700.00 "," $156,520.00 "," $43,645.00 ",06-01-2014, June ,2014
Enterprise,USA, Paseo , Medium , $861.00 , $10.00 , $125.00 ," $107,625.00 "," $103,320.00 "," $(1,076.25)",10-01-2014, October ,2014
Government,USA, Paseo , Medium ," $2,663.00 ", $10.00 , $20.00 ," $53,260.00 "," $26,630.00 "," $23,967.00 ",12-01-2014, December ,2014
Midmarket,USA, Velo , Medium , $555.00 , $120.00 , $15.00 ," $8,325.00 "," $5,550.00 "," $2,358.75 ",01-01-2014, January ,2014
Government,USA, Velo , Medium , $602.00 , $120.00 , $350.00 ," $210,700.00 "," $156,520.00 "," $43,645.00 ",06-01-2014, June ,2014
Government,USA, Velo , Medium ," $2,832.00 ", $120.00 , $20.00 ," $56,640.00 "," $28,320.00 "," $25,488.00 ",08-01-2014, August ,2014
Government,USA, Montana , High ," $2,328.00 ", $5.00 , $7.00 ," $16,296.00 "," $11,640.00 "," $3,026.40 ",09-01-2014, September ,2014
Channel Partners,USA, Paseo , High , $386.00 , $10.00 , $12.00 ," $4,632.00 "," $1,158.00 "," $3,010.80 ",10-01-2013, October ,2013
Enterprise,USA, Carretera , High ," $3,445.50 ", $3.00 , $125.00 ," $430,687.50 "," $413,460.00 "," $(25,841.25)",04-01-2014, April ,2014
Government,USA, Montana , High ," $2,313.00 ", $5.00 , $350.00 ," $809,550.00 "," $601,380.00 "," $127,215.00 ",05-01-2014, May ,2014
Enterprise,USA, Montana , High ," $1,804.00 ", $5.00 , $125.00 ," $225,500.00 "," $216,480.00 "," $(13,530.00)",11-01-2013, November ,2013
Midmarket,USA, Velo , High , $790.00 , $120.00 , $15.00 ," $11,850.00 "," $7,900.00 "," $2,765.00 ",05-01-2014, May ,2014
Enterprise,USA, Velo , High ," $1,596.00 ", $120.00 , $125.00 ," $199,500.00 "," $191,520.00 "," $(11,970.00)",09-01-2014, September ,2014
Small Business,USA, Velo , High ," $2,294.00 ", $120.00 , $300.00 ," $688,200.00 "," $573,500.00 "," $45,880.00 ",10-01-2013, October ,2013
Government,USA, VTT , High ," $2,807.00 ", $250.00 , $350.00 ," $982,450.00 "," $729,820.00 "," $154,385.00 ",08-01-2014, August ,2014
Small Business,USA, VTT , High ," $2,294.00 ", $250.00 , $300.00 ," $688,200.00 "," $573,500.00 "," $45,880.00 ",10-01-2013, October ,2013
Enterprise,USA, Amarilla , High , $579.00 , $260.00 , $125.00 ," $72,375.00 "," $69,480.00 "," $(4,342.50)",01-01-2014, January ,2014
Small Business,USA, Amarilla , High ," $2,993.00 ", $260.00 , $300.00 ," $897,900.00 "," $748,250.00 "," $59,860.00 ",03-01-2014, March ,2014
Government,USA, VTT , High ," $1,579.00 ", $250.00 , $7.00 ," $11,053.00 "," $7,895.00 "," $1,942.17 ",03-01-2014, March ,2014
Midmarket,USA, Amarilla , High ," $3,199.50 ", $260.00 , $15.00 ," $47,992.50 "," $31,995.00 "," $10,718.32 ",07-01-2014, July ,2014
Government,USA, Paseo , High , $380.00 , $10.00 , $7.00 ," $2,660.00 "," $1,900.00 ", $467.40 ,09-01-2013, September ,2013
Midmarket,USA, Montana , High , $677.00 , $5.00 , $15.00 ," $10,155.00 "," $6,770.00 "," $2,166.40 ",03-01-2014, March ,2014
Small Business,USA, Paseo , High ," $3,495.00 ", $10.00 , $300.00 ," $1,048,500.00 "," $873,750.00 "," $48,930.00 ",01-01-2014, January ,2014
Government,USA, Velo , High , $986.00 , $120.00 , $350.00 ," $345,100.00 "," $256,360.00 "," $47,328.00 ",10-01-2014, October ,2014
Government,USA, VTT , High , $986.00 , $250.00 , $350.00 ," $345,100.00 "," $256,360.00 "," $47,328.00 ",10-01-2014, October ,2014
Enterprise,USA, VTT , High ," $2,387.00 ", $250.00 , $125.00 ," $298,375.00 "," $286,440.00 "," $(23,870.00)",11-01-2014, November ,2014
Government,USA, Amarilla , High , $270.00 , $260.00 , $350.00 ," $94,500.00 "," $70,200.00 "," $12,960.00 ",02-01-2014, February ,2014
Midmarket,USA, Amarilla , High ," $2,548.00 ", $260.00 , $15.00 ," $38,220.00 "," $25,480.00 "," $8,153.60 ",11-01-2013, November ,2013
Midmarket,USA, Carretera , High ," $2,567.00 ", $3.00 , $15.00 ," $38,505.00 "," $25,670.00 "," $7,829.35 ",06-01-2014, June ,2014
Midmarket,USA, VTT , High ," $2,567.00 ", $250.00 , $15.00 ," $38,505.00 "," $25,670.00 "," $7,829.35 ",06-01-2014, June ,2014
Government,USA, Montana , High , $982.50 , $5.00 , $350.00 ," $343,875.00 "," $255,450.00 "," $43,721.25 ",01-01-2014, January ,2014
Government,USA, Montana , High ," $1,298.00 ", $5.00 , $7.00 ," $9,086.00 "," $6,490.00 "," $1,414.82 ",02-01-2014, February ,2014
Government,USA, Paseo , High ," $1,438.50 ", $10.00 , $7.00 ," $10,069.50 "," $7,192.50 "," $1,567.96 ",01-01-2014, January ,2014
Government,USA, Paseo , High ," $2,641.00 ", $10.00 , $20.00 ," $52,820.00 "," $26,410.00 "," $19,543.40 ",02-01-2014, February ,2014
Government,USA, Carretera , High ," $1,743.00 ", $3.00 , $20.00 ," $34,860.00 "," $17,430.00 "," $12,549.60 ",05-01-2014, May ,2014
Government,USA, Carretera , High ," $2,996.00 ", $3.00 , $7.00 ," $20,972.00 "," $14,980.00 "," $3,055.92 ",10-01-2013, October ,2013
Government,USA, Montana , High ," $2,996.00 ", $5.00 , $7.00 ," $20,972.00 "," $14,980.00 "," $3,055.92 ",10-01-2013, October ,2013
Midmarket,USA, Paseo , High ," $1,767.00 ", $10.00 , $15.00 ," $26,505.00 "," $17,670.00 "," $5,124.30 ",09-01-2014, September ,2014
Channel Partners,USA, Amarilla , High ," $2,015.00 ", $260.00 , $12.00 ," $24,180.00 "," $6,045.00 "," $14,749.80 ",12-01-2013, December ,2013
Small Business,USA, Carretera , High ," $1,010.00 ", $3.00 , $300.00 ," $303,000.00 "," $252,500.00 "," $8,080.00 ",10-01-2014, October ,2014
Channel Partners,USA, Paseo , High ," $2,914.00 ", $10.00 , $12.00 ," $34,968.00 "," $8,742.00 "," $21,330.48 ",10-01-2014, October ,2014
Government,USA, Paseo , High ," $1,177.00 ", $10.00 , $350.00 ," $411,950.00 "," $306,020.00 "," $48,257.00 ",11-01-2014, November ,2014
Government,USA, Velo , High , $606.00 , $120.00 , $20.00 ," $12,120.00 "," $6,060.00 "," $4,363.20 ",04-01-2014, April ,2014
Small Business,USA, Velo , High ," $2,460.00 ", $120.00 , $300.00 ," $738,000.00 "," $615,000.00 "," $19,680.00 ",07-01-2014, July ,2014
Small Business,USA, VTT , High ," $2,541.00 ", $250.00 , $300.00 ," $762,300.00 "," $635,250.00 "," $20,328.00 ",08-01-2014, August ,2014
Small Business,USA, VTT , High ," $1,010.00 ", $250.00 , $300.00 ," $303,000.00 "," $252,500.00 "," $8,080.00 ",10-01-2014, October ,2014
Enterprise,USA, Amarilla , High ," $2,844.00 ", $260.00 , $125.00 ," $355,500.00 "," $341,280.00 "," $(35,550.00)",05-01-2014, May ,2014
Channel Partners,USA, Amarilla , High ," $2,914.00 ", $260.00 , $12.00 ," $34,968.00 "," $8,742.00 "," $21,330.48 ",10-01-2014, October ,2014
Government,USA, Paseo , High , $267.00 , $10.00 , $20.00 ," $5,340.00 "," $2,670.00 "," $1,869.00 ",10-01-2013, October ,2013
Government,USA, Paseo , High ," $2,007.00 ", $10.00 , $350.00 ," $702,450.00 "," $521,820.00 "," $75,262.50 ",11-01-2013, November ,2013
Channel Partners,USA, Paseo , High , $914.00 , $10.00 , $12.00 ," $10,968.00 "," $2,742.00 "," $6,580.80 ",12-01-2014, December ,2014
Small Business,USA, Velo , High ," $2,574.00 ", $120.00 , $300.00 ," $772,200.00 "," $643,500.00 "," $12,870.00 ",11-01-2013, November ,2013
Enterprise,USA, Velo , High ," $2,438.00 ", $120.00 , $125.00 ," $304,750.00 "," $292,560.00 "," $(33,522.50)",12-01-2013, December ,2013
